"../../../Engine/Plugins/2D/Paper2D/Content/PlaceholderTextures/DummySpriteTexture.ubulk" 0
"../../../Engine/Plugins/2D/Paper2D/Content/PlaceholderTextures/DummySpriteTexture.uasset" 1
"../../../Engine/Plugins/2D/Paper2D/Content/PlaceholderTextures/DummySpriteTexture.uexp" 2
"../../../Engine/Plugins/2D/Paper2D/Content/DummySprite.uasset" 3
"../../../Engine/Plugins/2D/Paper2D/Content/DummySprite.uexp" 4
"../../../Engine/Plugins/2D/Paper2D/Content/DefaultPaperTerrainMaterial.uasset" 5
"../../../Engine/Plugins/2D/Paper2D/Content/DefaultPaperTerrainMaterial.uexp" 6
"../../../Engine/Plugins/Interchange/Runtime/Content/Pipelines/DefaultTexturePipeline.uasset" 7
"../../../Engine/Plugins/Interchange/Runtime/Content/Pipelines/DefaultTexturePipeline.uexp" 8
"../../../Engine/Plugins/Interchange/Runtime/Content/Pipelines/DefaultSceneLevelPipeline.uasset" 9
"../../../Engine/Plugins/Interchange/Runtime/Content/Pipelines/DefaultSceneLevelPipeline.uexp" 10
"../../../Engine/Plugins/Interchange/Runtime/Content/Pipelines/DefaultSceneAssetsPipeline.uasset" 11
"../../../Engine/Plugins/Interchange/Runtime/Content/Pipelines/DefaultSceneAssetsPipeline.uexp" 12
"../../../Engine/Plugins/Interchange/Runtime/Content/Pipelines/DefaultMaterialXPipeline.uasset" 13
"../../../Engine/Plugins/Interchange/Runtime/Content/Pipelines/DefaultMaterialXPipeline.uexp" 14
"../../../Engine/Plugins/Interchange/Runtime/Content/Pipelines/DefaultMaterialPipeline.uasset" 15
"../../../Engine/Plugins/Interchange/Runtime/Content/Pipelines/DefaultMaterialPipeline.uexp" 16
"../../../Engine/Plugins/Interchange/Runtime/Content/Pipelines/DefaultGLTFSceneAssetsPipeline.uasset" 17
"../../../Engine/Plugins/Interchange/Runtime/Content/Pipelines/DefaultGLTFSceneAssetsPipeline.uexp" 18
"../../../Engine/Plugins/Interchange/Runtime/Content/Pipelines/DefaultGLTFPipeline.uasset" 19
"../../../Engine/Plugins/Interchange/Runtime/Content/Pipelines/DefaultGLTFPipeline.uexp" 20
"../../../Engine/Plugins/Interchange/Runtime/Content/Pipelines/DefaultGLTFAssetsPipeline.uasset" 21
"../../../Engine/Plugins/Interchange/Runtime/Content/Pipelines/DefaultGLTFAssetsPipeline.uexp" 22
"../../../Engine/Plugins/Interchange/Runtime/Content/Pipelines/DefaultAssetsPipeline.uasset" 23
"../../../Engine/Plugins/Interchange/Runtime/Content/Pipelines/DefaultAssetsPipeline.uexp" 24
"../../../Engine/Plugins/Animation/ControlRig/Content/Controls/DefaultGizmoLibraryNormalized.uasset" 25
"../../../Engine/Plugins/Animation/ControlRig/Content/Controls/DefaultGizmoLibraryNormalized.uexp" 26
"../../../Engine/Content/EngineSounds/Master.uasset" 27
"../../../Engine/Content/EngineSounds/Master.uexp" 28
"../../../Engine/Content/EngineMaterials/DefaultPhysicalMaterial.uasset" 29
"../../../Engine/Content/EngineMaterials/DefaultPhysicalMaterial.uexp" 30
"../../../Engine/Content/EngineMaterials/DefaultDestructiblePhysicalMaterial.uasset" 31
"../../../Engine/Content/EngineMaterials/DefaultDestructiblePhysicalMaterial.uexp" 32
"../../../Engine/Content/EngineFonts/Faces/RobotoLight.uexp" 33
"../../../Engine/Content/EngineFonts/Faces/RobotoLight.uasset" 34
"../../../Engine/Content/EngineFonts/Faces/RobotoLight.ufont" 35
"../../../Engine/Content/EngineFonts/Faces/RobotoBold.uexp" 36
"../../../Engine/Content/EngineFonts/Faces/RobotoBold.uasset" 37
"../../../Engine/Content/EngineFonts/Faces/RobotoBold.ufont" 38
"../../../Engine/Content/EngineFonts/Faces/RobotoRegular.uexp" 39
"../../../Engine/Content/EngineFonts/Faces/RobotoRegular.uasset" 40
"../../../Engine/Content/EngineFonts/Faces/RobotoRegular.ufont" 41
"../../../Engine/Content/EngineFonts/Faces/DroidSansFallback.uexp" 42
"../../../Engine/Content/EngineFonts/Faces/DroidSansFallback.uasset" 43
"../../../Engine/Content/EngineFonts/Faces/DroidSansFallback.ufont" 44
"../../../Engine/Content/EngineFonts/Faces/RobotoItalic.uexp" 45
"../../../Engine/Content/EngineFonts/Faces/RobotoItalic.uasset" 46
"../../../Engine/Content/EngineFonts/Faces/RobotoItalic.ufont" 47
"../../../Engine/Content/EngineFonts/Faces/RobotoBoldItalic.uexp" 48
"../../../Engine/Content/EngineFonts/Faces/RobotoBoldItalic.uasset" 49
"../../../Engine/Content/EngineFonts/Faces/RobotoBoldItalic.ufont" 50
"../../../Engine/Content/EngineFonts/Roboto.uasset" 51
"../../../Engine/Content/EngineFonts/Roboto.uexp" 52
"../../../Engine/Content/MobileResources/HUD/VirtualJoystick_Background.uasset" 53
"../../../Engine/Content/MobileResources/HUD/VirtualJoystick_Background.uexp" 54
"../../../Engine/Content/MobileResources/HUD/VirtualJoystick_Thumb.uasset" 55
"../../../Engine/Content/MobileResources/HUD/VirtualJoystick_Thumb.uexp" 56
"../../../Engine/Content/MobileResources/HUD/DefaultVirtualJoysticks.uasset" 57
"../../../Engine/Content/MobileResources/HUD/DefaultVirtualJoysticks.uexp" 58
"../../../Engine/Content/EditorResources/S_Actor.ubulk" 59
"../../../Engine/Content/EditorResources/S_Actor.uasset" 60
"../../../Engine/Content/EditorResources/S_Actor.uexp" 61
"../../../Engine/Plugins/Runtime/AudioWidgets/Content/Resources/ScrubHandleDown_Clamped.uasset" 62
"../../../Engine/Plugins/Runtime/AudioWidgets/Content/Resources/ScrubHandleDown_Clamped.uexp" 63
"../../../Engine/Content/EngineResources/GradientTexture0.uasset" 64
"../../../Engine/Content/EngineResources/GradientTexture0.uexp" 65
"../../../Engine/Content/EngineResources/Black.uasset" 66
"../../../Engine/Content/EngineResources/Black.uexp" 67
"../../../Engine/Content/EngineMaterials/PreintegratedSkinBRDF.uasset" 68
"../../../Engine/Content/EngineMaterials/PreintegratedSkinBRDF.uexp" 69
"../../../Engine/Content/EngineMaterials/MiniFont.uasset" 70
"../../../Engine/Content/EngineMaterials/MiniFont.uexp" 71
"../../../Engine/Content/EngineMaterials/FastBlueNoise_vec2_128x128x64.uasset" 72
"../../../Engine/Content/EngineMaterials/FastBlueNoise_vec2_128x128x64.uexp" 73
"../../../Engine/Content/EngineMaterials/FastBlueNoise_scalar_128x128x64.uasset" 74
"../../../Engine/Content/EngineMaterials/FastBlueNoise_scalar_128x128x64.uexp" 75
"../../../Engine/Content/EngineMaterials/DefaultWhiteGrid.ubulk" 76
"../../../Engine/Content/EngineMaterials/DefaultWhiteGrid.uasset" 77
"../../../Engine/Content/EngineMaterials/DefaultWhiteGrid.uexp" 78
"../../../Engine/Content/EngineMaterials/DefaultBokeh.uasset" 79
"../../../Engine/Content/EngineMaterials/DefaultBokeh.uexp" 80
"../../../Engine/Content/EngineMaterials/DefaultBloomKernel.uasset" 81
"../../../Engine/Content/EngineMaterials/DefaultBloomKernel.uexp" 82
"../../../Engine/Content/EngineDamageTypes/DmgTypeBP_Environmental.uasset" 83
"../../../Engine/Content/EngineDamageTypes/DmgTypeBP_Environmental.uexp" 84
"../../../Engine/Content/EditorResources/S_TriggerSphere.uasset" 85
"../../../Engine/Content/EditorResources/S_TriggerSphere.uexp" 86
"../../../Engine/Content/EditorResources/S_TriggerCapsule.uasset" 87
"../../../Engine/Content/EditorResources/S_TriggerCapsule.uexp" 88
"../../../Engine/Content/EditorResources/S_TriggerBox.uasset" 89
"../../../Engine/Content/EditorResources/S_TriggerBox.uexp" 90
"../../../Engine/Content/EditorResources/S_Trigger.ubulk" 91
"../../../Engine/Content/EditorResources/S_Trigger.uasset" 92
"../../../Engine/Content/EditorResources/S_Trigger.uexp" 93
"../../../Engine/Content/EditorResources/S_Terrain.ubulk" 94
"../../../Engine/Content/EditorResources/S_Terrain.uasset" 95
"../../../Engine/Content/EditorResources/S_Terrain.uexp" 96
"../../../Engine/Content/EditorResources/S_Solver.ubulk" 97
"../../../Engine/Content/EditorResources/S_Solver.uasset" 98
"../../../Engine/Content/EditorResources/S_Solver.uexp" 99
"../../../Engine/Content/EditorResources/S_BoxReflectionCapture.uasset" 100
"../../../Engine/Content/EditorResources/S_BoxReflectionCapture.uexp" 101
"../../../Engine/Content/EditorResources/EmptyActor.uasset" 102
"../../../Engine/Content/EditorResources/EmptyActor.uexp" 103
"../../../Engine/Content/EditorResources/BSPVertex.uasset" 104
"../../../Engine/Content/EditorResources/BSPVertex.uexp" 105
"../../../Engine/Content/EditorLandscapeResources/DefaultAlphaTexture.uasset" 106
"../../../Engine/Content/EditorLandscapeResources/DefaultAlphaTexture.uexp" 107
"../../../Engine/Content/EngineResources/FilmGrains/Marcie_Grain_v3_128_M2_000.uasset" 108
"../../../Engine/Content/EngineResources/FilmGrains/Marcie_Grain_v3_128_M2_000.uexp" 109
"../../../Engine/Content/EngineMaterials/LTC/Sheen_LTC.uasset" 110
"../../../Engine/Content/EngineMaterials/LTC/Sheen_LTC.uexp" 111
"../../../Engine/Content/EngineMaterials/LTC/GGX_LTCMat.uasset" 112
"../../../Engine/Content/EngineMaterials/LTC/GGX_LTCMat.uexp" 113
"../../../Engine/Content/EngineMaterials/LTC/GGX_LTCAmp.uasset" 114
"../../../Engine/Content/EngineMaterials/LTC/GGX_LTCAmp.uexp" 115
"../../../Engine/Content/EngineMaterials/EnergyConservation/Sheen_Energy.uasset" 116
"../../../Engine/Content/EngineMaterials/EnergyConservation/Sheen_Energy.uexp" 117
"../../../Engine/Content/EngineMaterials/EnergyConservation/SheenLegacy_Energy.uasset" 118
"../../../Engine/Content/EngineMaterials/EnergyConservation/SheenLegacy_Energy.uexp" 119
"../../../Engine/Content/EngineMaterials/EnergyConservation/GGX_TransmissionEnergyArray.uasset" 120
"../../../Engine/Content/EngineMaterials/EnergyConservation/GGX_TransmissionEnergyArray.uexp" 121
"../../../Engine/Content/EngineMaterials/EnergyConservation/GGX_ReflectionEnergy.uasset" 122
"../../../Engine/Content/EngineMaterials/EnergyConservation/GGX_ReflectionEnergy.uexp" 123
"../../../Engine/Content/EngineMaterials/EnergyConservation/Diffuse_Energy.uasset" 124
"../../../Engine/Content/EngineMaterials/EnergyConservation/Diffuse_Energy.uexp" 125
"../../../Engine/Content/EditorResources/SequenceRecorder/RecordingIndicator.uasset" 126
"../../../Engine/Content/EditorResources/SequenceRecorder/RecordingIndicator.uexp" 127
"../../../Engine/Content/EditorResources/SequenceRecorder/Countdown.uasset" 128
"../../../Engine/Content/EditorResources/SequenceRecorder/Countdown.uexp" 129
"C:/Users/hinen/Desktop/Unreal Projects/Projet_YH/Content/Characters/Mannequins/Meshes/SK_Mannequin.uasset" 130
"C:/Users/hinen/Desktop/Unreal Projects/Projet_YH/Content/Characters/Mannequins/Meshes/SK_Mannequin.uexp" 131
"C:/Users/hinen/Desktop/Unreal Projects/Projet_YH/Content/Characters/Mannequins/Textures/Quinn/T_Quinn_02ID_MSR_MSK.ubulk" 132
"C:/Users/hinen/Desktop/Unreal Projects/Projet_YH/Content/Characters/Mannequins/Textures/Quinn/T_Quinn_02ID_MSR_MSK.uasset" 133
"C:/Users/hinen/Desktop/Unreal Projects/Projet_YH/Content/Characters/Mannequins/Textures/Quinn/T_Quinn_02ID_MSR_MSK.uexp" 134
"C:/Users/hinen/Desktop/Unreal Projects/Projet_YH/Content/Characters/Mannequins/Textures/Quinn/T_Quinn_02ID_BN.ubulk" 135
"C:/Users/hinen/Desktop/Unreal Projects/Projet_YH/Content/Characters/Mannequins/Textures/Quinn/T_Quinn_02ID_BN.uasset" 136
"C:/Users/hinen/Desktop/Unreal Projects/Projet_YH/Content/Characters/Mannequins/Textures/Quinn/T_Quinn_02ID_BN.uexp" 137
"C:/Users/hinen/Desktop/Unreal Projects/Projet_YH/Content/Characters/Mannequins/Textures/Quinn/T_Quinn_02_ASAOMASK_MSK.ubulk" 138
"C:/Users/hinen/Desktop/Unreal Projects/Projet_YH/Content/Characters/Mannequins/Textures/Quinn/T_Quinn_02_ASAOMASK_MSK.uasset" 139
"C:/Users/hinen/Desktop/Unreal Projects/Projet_YH/Content/Characters/Mannequins/Textures/Quinn/T_Quinn_02_ASAOMASK_MSK.uexp" 140
"C:/Users/hinen/Desktop/Unreal Projects/Projet_YH/Content/Characters/Mannequins/Textures/Quinn/T_Quinn_02_CCRCCPlastic_MSK.ubulk" 141
"C:/Users/hinen/Desktop/Unreal Projects/Projet_YH/Content/Characters/Mannequins/Textures/Quinn/T_Quinn_02_CCRCCPlastic_MSK.uasset" 142
"C:/Users/hinen/Desktop/Unreal Projects/Projet_YH/Content/Characters/Mannequins/Textures/Quinn/T_Quinn_02_CCRCCPlastic_MSK.uexp" 143
"C:/Users/hinen/Desktop/Unreal Projects/Projet_YH/Content/Characters/Mannequins/Textures/Quinn/T_Quinn_02ID_Tan.ubulk" 144
"C:/Users/hinen/Desktop/Unreal Projects/Projet_YH/Content/Characters/Mannequins/Textures/Quinn/T_Quinn_02ID_Tan.uasset" 145
"C:/Users/hinen/Desktop/Unreal Projects/Projet_YH/Content/Characters/Mannequins/Textures/Quinn/T_Quinn_02ID_Tan.uexp" 146
"C:/Users/hinen/Desktop/Unreal Projects/Projet_YH/Content/Characters/Mannequins/Textures/Quinn/T_Quinn_02ID_D.ubulk" 147
"C:/Users/hinen/Desktop/Unreal Projects/Projet_YH/Content/Characters/Mannequins/Textures/Quinn/T_Quinn_02ID_D.uasset" 148
"C:/Users/hinen/Desktop/Unreal Projects/Projet_YH/Content/Characters/Mannequins/Textures/Quinn/T_Quinn_02ID_D.uexp" 149
"C:/Users/hinen/Desktop/Unreal Projects/Projet_YH/Content/Characters/Mannequins/Textures/Quinn/T_Quinn_01ID_MSR_MSK.ubulk" 150
"C:/Users/hinen/Desktop/Unreal Projects/Projet_YH/Content/Characters/Mannequins/Textures/Quinn/T_Quinn_01ID_MSR_MSK.uasset" 151
"C:/Users/hinen/Desktop/Unreal Projects/Projet_YH/Content/Characters/Mannequins/Textures/Quinn/T_Quinn_01ID_MSR_MSK.uexp" 152
"C:/Users/hinen/Desktop/Unreal Projects/Projet_YH/Content/Characters/Mannequins/Materials/Functions/ChromaticCurve.uasset" 153
"C:/Users/hinen/Desktop/Unreal Projects/Projet_YH/Content/Characters/Mannequins/Materials/Functions/ChromaticCurve.uexp" 154
"C:/Users/hinen/Desktop/Unreal Projects/Projet_YH/Content/Characters/Mannequins/Materials/Functions/CA_Mannequin.uasset" 155
"C:/Users/hinen/Desktop/Unreal Projects/Projet_YH/Content/Characters/Mannequins/Materials/Functions/CA_Mannequin.uexp" 156
"C:/Users/hinen/Desktop/Unreal Projects/Projet_YH/Content/Characters/Mannequins/Materials/Functions/MF_Diffraction.uasset" 157
"C:/Users/hinen/Desktop/Unreal Projects/Projet_YH/Content/Characters/Mannequins/Materials/Functions/MF_Diffraction.uexp" 158
"C:/Users/hinen/Desktop/Unreal Projects/Projet_YH/Content/Characters/Mannequins/Textures/Manny/T_Manny_01_N.ubulk" 159
"C:/Users/hinen/Desktop/Unreal Projects/Projet_YH/Content/Characters/Mannequins/Textures/Manny/T_Manny_01_N.uasset" 160
"C:/Users/hinen/Desktop/Unreal Projects/Projet_YH/Content/Characters/Mannequins/Textures/Manny/T_Manny_01_N.uexp" 161
"C:/Users/hinen/Desktop/Unreal Projects/Projet_YH/Content/Characters/Mannequins/Materials/Functions/ML_BaseColorFallOff.uasset" 162
"C:/Users/hinen/Desktop/Unreal Projects/Projet_YH/Content/Characters/Mannequins/Materials/Functions/ML_BaseColorFallOff.uexp" 163
"../../../Engine/Content/Functions/Engine_MaterialFunctions02/Utility/BreakOutFloat2Components.uasset" 164
"../../../Engine/Content/Functions/Engine_MaterialFunctions02/Utility/BreakOutFloat2Components.uexp" 165
"../../../Engine/Content/Functions/Engine_MaterialFunctions01/Texturing/ScaleUVsByCenter.uasset" 166
"../../../Engine/Content/Functions/Engine_MaterialFunctions01/Texturing/ScaleUVsByCenter.uexp" 167
"C:/Users/hinen/Desktop/Unreal Projects/Projet_YH/Content/Characters/Mannequins/Textures/Shared/T_UE_Logo_M.uasset" 168
"C:/Users/hinen/Desktop/Unreal Projects/Projet_YH/Content/Characters/Mannequins/Textures/Shared/T_UE_Logo_M.uexp" 169
"C:/Users/hinen/Desktop/Unreal Projects/Projet_YH/Content/Characters/Mannequins/Materials/Functions/MF_logo3layers.uasset" 170
"C:/Users/hinen/Desktop/Unreal Projects/Projet_YH/Content/Characters/Mannequins/Materials/Functions/MF_logo3layers.uexp" 171
"C:/Users/hinen/Desktop/Unreal Projects/Projet_YH/Content/Characters/Mannequins/Textures/Manny/T_Manny_01_CCRCCPlastic_MSK.ubulk" 172
"C:/Users/hinen/Desktop/Unreal Projects/Projet_YH/Content/Characters/Mannequins/Textures/Manny/T_Manny_01_CCRCCPlastic_MSK.uasset" 173
"C:/Users/hinen/Desktop/Unreal Projects/Projet_YH/Content/Characters/Mannequins/Textures/Manny/T_Manny_01_CCRCCPlastic_MSK.uexp" 174
"C:/Users/hinen/Desktop/Unreal Projects/Projet_YH/Content/Characters/Mannequins/Textures/Manny/T_Manny_01_ASAOPMASK_MSK.ubulk" 175
"C:/Users/hinen/Desktop/Unreal Projects/Projet_YH/Content/Characters/Mannequins/Textures/Manny/T_Manny_01_ASAOPMASK_MSK.uasset" 176
"C:/Users/hinen/Desktop/Unreal Projects/Projet_YH/Content/Characters/Mannequins/Textures/Manny/T_Manny_01_ASAOPMASK_MSK.uexp" 177
"C:/Users/hinen/Desktop/Unreal Projects/Projet_YH/Content/Characters/Mannequins/Textures/Manny/T_Manny_01_MSR_MSK.ubulk" 178
"C:/Users/hinen/Desktop/Unreal Projects/Projet_YH/Content/Characters/Mannequins/Textures/Manny/T_Manny_01_MSR_MSK.uasset" 179
"C:/Users/hinen/Desktop/Unreal Projects/Projet_YH/Content/Characters/Mannequins/Textures/Manny/T_Manny_01_MSR_MSK.uexp" 180
"C:/Users/hinen/Desktop/Unreal Projects/Projet_YH/Content/Characters/Mannequins/Textures/Manny/T_Manny_01_BN.ubulk" 181
"C:/Users/hinen/Desktop/Unreal Projects/Projet_YH/Content/Characters/Mannequins/Textures/Manny/T_Manny_01_BN.uasset" 182
"C:/Users/hinen/Desktop/Unreal Projects/Projet_YH/Content/Characters/Mannequins/Textures/Manny/T_Manny_01_BN.uexp" 183
"C:/Users/hinen/Desktop/Unreal Projects/Projet_YH/Content/Characters/Mannequins/Textures/Manny/T_Manny_01_D.ubulk" 184
"C:/Users/hinen/Desktop/Unreal Projects/Projet_YH/Content/Characters/Mannequins/Textures/Manny/T_Manny_01_D.uasset" 185
"C:/Users/hinen/Desktop/Unreal Projects/Projet_YH/Content/Characters/Mannequins/Textures/Manny/T_Manny_01_D.uexp" 186
"C:/Users/hinen/Desktop/Unreal Projects/Projet_YH/Content/Characters/Mannequins/Textures/Manny/T_Manny_01_Tan.ubulk" 187
"C:/Users/hinen/Desktop/Unreal Projects/Projet_YH/Content/Characters/Mannequins/Textures/Manny/T_Manny_01_Tan.uasset" 188
"C:/Users/hinen/Desktop/Unreal Projects/Projet_YH/Content/Characters/Mannequins/Textures/Manny/T_Manny_01_Tan.uexp" 189
"C:/Users/hinen/Desktop/Unreal Projects/Projet_YH/Content/Characters/Mannequins/Materials/M_Mannequin.uasset" 190
"C:/Users/hinen/Desktop/Unreal Projects/Projet_YH/Content/Characters/Mannequins/Materials/M_Mannequin.uexp" 191
"C:/Users/hinen/Desktop/Unreal Projects/Projet_YH/Content/Characters/Mannequins/Textures/Quinn/T_Quinn_01_ASAOMASK_MSK.ubulk" 192
"C:/Users/hinen/Desktop/Unreal Projects/Projet_YH/Content/Characters/Mannequins/Textures/Quinn/T_Quinn_01_ASAOMASK_MSK.uasset" 193
"C:/Users/hinen/Desktop/Unreal Projects/Projet_YH/Content/Characters/Mannequins/Textures/Quinn/T_Quinn_01_ASAOMASK_MSK.uexp" 194
"C:/Users/hinen/Desktop/Unreal Projects/Projet_YH/Content/Characters/Mannequins/Textures/Quinn/T_Quinn_01ID_N.ubulk" 195
"C:/Users/hinen/Desktop/Unreal Projects/Projet_YH/Content/Characters/Mannequins/Textures/Quinn/T_Quinn_01ID_N.uasset" 196
"C:/Users/hinen/Desktop/Unreal Projects/Projet_YH/Content/Characters/Mannequins/Textures/Quinn/T_Quinn_01ID_N.uexp" 197
"C:/Users/hinen/Desktop/Unreal Projects/Projet_YH/Content/Characters/Mannequins/Textures/Quinn/T_Quinn_01ID_BN.ubulk" 198
"C:/Users/hinen/Desktop/Unreal Projects/Projet_YH/Content/Characters/Mannequins/Textures/Quinn/T_Quinn_01ID_BN.uasset" 199
"C:/Users/hinen/Desktop/Unreal Projects/Projet_YH/Content/Characters/Mannequins/Textures/Quinn/T_Quinn_01ID_BN.uexp" 200
"C:/Users/hinen/Desktop/Unreal Projects/Projet_YH/Content/Characters/Mannequins/Textures/Quinn/T_Quinn_01ID_D.ubulk" 201
"C:/Users/hinen/Desktop/Unreal Projects/Projet_YH/Content/Characters/Mannequins/Textures/Quinn/T_Quinn_01ID_D.uasset" 202
"C:/Users/hinen/Desktop/Unreal Projects/Projet_YH/Content/Characters/Mannequins/Textures/Quinn/T_Quinn_01ID_D.uexp" 203
"C:/Users/hinen/Desktop/Unreal Projects/Projet_YH/Content/Characters/Mannequins/Textures/Quinn/T_Quinn_01ID_Tan.ubulk" 204
"C:/Users/hinen/Desktop/Unreal Projects/Projet_YH/Content/Characters/Mannequins/Textures/Quinn/T_Quinn_01ID_Tan.uasset" 205
"C:/Users/hinen/Desktop/Unreal Projects/Projet_YH/Content/Characters/Mannequins/Textures/Quinn/T_Quinn_01ID_Tan.uexp" 206
"C:/Users/hinen/Desktop/Unreal Projects/Projet_YH/Content/Characters/Mannequins/Textures/Quinn/T_Quinn_01_CCRCCPlastic_MSK.ubulk" 207
"C:/Users/hinen/Desktop/Unreal Projects/Projet_YH/Content/Characters/Mannequins/Textures/Quinn/T_Quinn_01_CCRCCPlastic_MSK.uasset" 208
"C:/Users/hinen/Desktop/Unreal Projects/Projet_YH/Content/Characters/Mannequins/Textures/Quinn/T_Quinn_01_CCRCCPlastic_MSK.uexp" 209
"C:/Users/hinen/Desktop/Unreal Projects/Projet_YH/Content/Characters/Mannequins/Materials/Instances/Quinn/MI_Quinn_01.uasset" 210
"C:/Users/hinen/Desktop/Unreal Projects/Projet_YH/Content/Characters/Mannequins/Materials/Instances/Quinn/MI_Quinn_01.uexp" 211
"C:/Users/hinen/Desktop/Unreal Projects/Projet_YH/Content/Characters/Mannequins/Textures/Quinn/T_Quinn_02ID_N.ubulk" 212
"C:/Users/hinen/Desktop/Unreal Projects/Projet_YH/Content/Characters/Mannequins/Textures/Quinn/T_Quinn_02ID_N.uasset" 213
"C:/Users/hinen/Desktop/Unreal Projects/Projet_YH/Content/Characters/Mannequins/Textures/Quinn/T_Quinn_02ID_N.uexp" 214
"C:/Users/hinen/Desktop/Unreal Projects/Projet_YH/Content/Characters/Mannequins/Materials/Instances/Quinn/MI_Quinn_02.uasset" 215
"C:/Users/hinen/Desktop/Unreal Projects/Projet_YH/Content/Characters/Mannequins/Materials/Instances/Quinn/MI_Quinn_02.uexp" 216
"C:/Users/hinen/Desktop/Unreal Projects/Projet_YH/Content/Characters/Mannequins/Rigs/PA_Mannequin.uasset" 217
"C:/Users/hinen/Desktop/Unreal Projects/Projet_YH/Content/Characters/Mannequins/Rigs/PA_Mannequin.uexp" 218
"C:/Users/hinen/Desktop/Unreal Projects/Projet_YH/Content/Characters/Mannequins/Meshes/SKM_Quinn_Simple.uasset" 219
"C:/Users/hinen/Desktop/Unreal Projects/Projet_YH/Content/Characters/Mannequins/Meshes/SKM_Quinn_Simple.uexp" 220
"C:/Users/hinen/Desktop/Unreal Projects/Projet_YH/Content/ThirdPerson/Input/Actions/IA_Attack.uasset" 221
"C:/Users/hinen/Desktop/Unreal Projects/Projet_YH/Content/ThirdPerson/Input/Actions/IA_Attack.uexp" 222
"C:/Users/hinen/Desktop/Unreal Projects/Projet_YH/Content/ThirdPerson/Input/Actions/IA_Jump.uasset" 223
"C:/Users/hinen/Desktop/Unreal Projects/Projet_YH/Content/ThirdPerson/Input/Actions/IA_Jump.uexp" 224
"C:/Users/hinen/Desktop/Unreal Projects/Projet_YH/Content/ThirdPerson/Input/Actions/IA_Look.uasset" 225
"C:/Users/hinen/Desktop/Unreal Projects/Projet_YH/Content/ThirdPerson/Input/Actions/IA_Look.uexp" 226
"C:/Users/hinen/Desktop/Unreal Projects/Projet_YH/Content/ThirdPerson/Input/Actions/IA_Move.uasset" 227
"C:/Users/hinen/Desktop/Unreal Projects/Projet_YH/Content/ThirdPerson/Input/Actions/IA_Move.uexp" 228
"C:/Users/hinen/Desktop/Unreal Projects/Projet_YH/Content/ThirdPerson/Input/IMC_Default.uasset" 229
"C:/Users/hinen/Desktop/Unreal Projects/Projet_YH/Content/ThirdPerson/Input/IMC_Default.uexp" 230
"../../../Engine/Content/Animation/DefaultAnimCurveCompressionSettings.uasset" 231
"../../../Engine/Content/Animation/DefaultAnimCurveCompressionSettings.uexp" 232
"../../../Engine/Content/Animation/DefaultAnimBoneCompressionSettings.uasset" 233
"../../../Engine/Content/Animation/DefaultAnimBoneCompressionSettings.uexp" 234
"C:/Users/hinen/Desktop/Unreal Projects/Projet_YH/Content/Characters/Mannequins/Animations/Quinn/MF_Run_Fwd.uasset" 235
"C:/Users/hinen/Desktop/Unreal Projects/Projet_YH/Content/Characters/Mannequins/Animations/Quinn/MF_Run_Fwd.uexp" 236
"C:/Users/hinen/Desktop/Unreal Projects/Projet_YH/Content/Characters/Mannequins/Animations/Quinn/MF_Walk_Fwd.uasset" 237
"C:/Users/hinen/Desktop/Unreal Projects/Projet_YH/Content/Characters/Mannequins/Animations/Quinn/MF_Walk_Fwd.uexp" 238
"../../../Engine/Content/Animation/DefaultRecorderBoneCompression.uasset" 239
"../../../Engine/Content/Animation/DefaultRecorderBoneCompression.uexp" 240
"C:/Users/hinen/Desktop/Unreal Projects/Projet_YH/Content/Characters/Mannequins/Animations/Manny/MM_Walk_InPlace.uasset" 241
"C:/Users/hinen/Desktop/Unreal Projects/Projet_YH/Content/Characters/Mannequins/Animations/Manny/MM_Walk_InPlace.uexp" 242
"C:/Users/hinen/Desktop/Unreal Projects/Projet_YH/Content/Characters/Mannequins/Animations/Quinn/BS_MF_Unarmed_WalkRun.uasset" 243
"C:/Users/hinen/Desktop/Unreal Projects/Projet_YH/Content/Characters/Mannequins/Animations/Quinn/BS_MF_Unarmed_WalkRun.uexp" 244
"C:/Users/hinen/Desktop/Unreal Projects/Projet_YH/Content/Characters/Mannequins/Animations/Quinn/MF_Idle.uasset" 245
"C:/Users/hinen/Desktop/Unreal Projects/Projet_YH/Content/Characters/Mannequins/Animations/Quinn/MF_Idle.uexp" 246
"../../../Engine/Content/Animation/DefaultVariableFrameStrippingSettings.uasset" 247
"../../../Engine/Content/Animation/DefaultVariableFrameStrippingSettings.uexp" 248
"C:/Users/hinen/Desktop/Unreal Projects/Projet_YH/Content/Characters/Mannequins/Animations/Manny/MM_Fall_Loop.uasset" 249
"C:/Users/hinen/Desktop/Unreal Projects/Projet_YH/Content/Characters/Mannequins/Animations/Manny/MM_Fall_Loop.uexp" 250
"C:/Users/hinen/Desktop/Unreal Projects/Projet_YH/Content/Characters/Mannequins/Animations/Manny/MM_Jump.uasset" 251
"C:/Users/hinen/Desktop/Unreal Projects/Projet_YH/Content/Characters/Mannequins/Animations/Manny/MM_Jump.uexp" 252
"../../../Engine/Plugins/Animation/ControlRig/Content/Controls/DefaultGizmoLibrary.uasset" 253
"../../../Engine/Plugins/Animation/ControlRig/Content/Controls/DefaultGizmoLibrary.uexp" 254
"C:/Users/hinen/Desktop/Unreal Projects/Projet_YH/Content/Characters/Mannequins/Rigs/CR_Mannequin_BasicFootIK.uasset" 255
"C:/Users/hinen/Desktop/Unreal Projects/Projet_YH/Content/Characters/Mannequins/Rigs/CR_Mannequin_BasicFootIK.uexp" 256
"C:/Users/hinen/Desktop/Unreal Projects/Projet_YH/Content/Characters/Mannequins/Animations/Manny/MM_Run_Fwd.uasset" 257
"C:/Users/hinen/Desktop/Unreal Projects/Projet_YH/Content/Characters/Mannequins/Animations/Manny/MM_Run_Fwd.uexp" 258
"C:/Users/hinen/Desktop/Unreal Projects/Projet_YH/Content/Characters/Mannequins/Animations/Manny/MM_Walk_Fwd.uasset" 259
"C:/Users/hinen/Desktop/Unreal Projects/Projet_YH/Content/Characters/Mannequins/Animations/Manny/MM_Walk_Fwd.uexp" 260
"C:/Users/hinen/Desktop/Unreal Projects/Projet_YH/Content/Characters/Mannequins/Animations/Manny/BS_MM_WalkRun.uasset" 261
"C:/Users/hinen/Desktop/Unreal Projects/Projet_YH/Content/Characters/Mannequins/Animations/Manny/BS_MM_WalkRun.uexp" 262
"C:/Users/hinen/Desktop/Unreal Projects/Projet_YH/Content/Characters/Mannequins/Animations/Manny/MM_Land.uasset" 263
"C:/Users/hinen/Desktop/Unreal Projects/Projet_YH/Content/Characters/Mannequins/Animations/Manny/MM_Land.uexp" 264
"C:/Users/hinen/Desktop/Unreal Projects/Projet_YH/Content/Characters/Mannequins/Animations/Manny/MM_Idle.uasset" 265
"C:/Users/hinen/Desktop/Unreal Projects/Projet_YH/Content/Characters/Mannequins/Animations/Manny/MM_Idle.uexp" 266
"C:/Users/hinen/Desktop/Unreal Projects/Projet_YH/Content/Characters/Mannequins/Animations/ABP_Manny.uasset" 267
"C:/Users/hinen/Desktop/Unreal Projects/Projet_YH/Content/Characters/Mannequins/Animations/ABP_Manny.uexp" 268
"C:/Users/hinen/Desktop/Unreal Projects/Projet_YH/Content/Characters/Mannequins/Animations/ABP_Quinn.uasset" 269
"C:/Users/hinen/Desktop/Unreal Projects/Projet_YH/Content/Characters/Mannequins/Animations/ABP_Quinn.uexp" 270
"../../../Engine/Content/EngineMaterials/T_Default_Material_Grid_M.ubulk" 271
"../../../Engine/Content/EngineMaterials/T_Default_Material_Grid_M.uasset" 272
"../../../Engine/Content/EngineMaterials/T_Default_Material_Grid_M.uexp" 273
"../../../Engine/Content/EngineMaterials/T_Default_Material_Grid_N.ubulk" 274
"../../../Engine/Content/EngineMaterials/T_Default_Material_Grid_N.uasset" 275
"../../../Engine/Content/EngineMaterials/T_Default_Material_Grid_N.uexp" 276
"../../../Engine/Content/Functions/Engine_MaterialFunctions01/Opacity/CameraDepthFade.uasset" 277
"../../../Engine/Content/Functions/Engine_MaterialFunctions01/Opacity/CameraDepthFade.uexp" 278
"../../../Engine/Content/EngineMaterials/DefaultMaterial.uasset" 279
"../../../Engine/Content/EngineMaterials/DefaultMaterial.uexp" 280
"../../../Engine/Content/BasicShapes/Sphere.ubulk" 281
"../../../Engine/Content/BasicShapes/Sphere.uasset" 282
"../../../Engine/Content/BasicShapes/Sphere.uexp" 283
"C:/Users/hinen/Desktop/Unreal Projects/Projet_YH/Content/ThirdPerson/Assets/AI/Z2/VAT_Zombie1_BWT.uasset" 284
"C:/Users/hinen/Desktop/Unreal Projects/Projet_YH/Content/ThirdPerson/Assets/AI/Z2/VAT_Zombie1_BWT.uexp" 285
"C:/Users/hinen/Desktop/Unreal Projects/Projet_YH/Content/ThirdPerson/Assets/AI/Z2/VAT_Zombie1_BPT.uasset" 286
"C:/Users/hinen/Desktop/Unreal Projects/Projet_YH/Content/ThirdPerson/Assets/AI/Z2/VAT_Zombie1_BPT.uexp" 287
"C:/Users/hinen/Desktop/Unreal Projects/Projet_YH/Content/ThirdPerson/Assets/AI/Z2/VAT_Zombie1_BRT.uasset" 288
"C:/Users/hinen/Desktop/Unreal Projects/Projet_YH/Content/ThirdPerson/Assets/AI/Z2/VAT_Zombie1_BRT.uexp" 289
"../../../Engine/Plugins/Experimental/AnimToTexture/Content/Characters/Mannequin/Textures/BoneAnimation/TX_BoneRotation.uasset" 290
"../../../Engine/Plugins/Experimental/AnimToTexture/Content/Characters/Mannequin/Textures/BoneAnimation/TX_BoneRotation.uexp" 291
"../../../Engine/Plugins/Experimental/AnimToTexture/Content/Materials/MaterialFunctions/UnpackBonePosition.uasset" 292
"../../../Engine/Plugins/Experimental/AnimToTexture/Content/Materials/MaterialFunctions/UnpackBonePosition.uexp" 293
"../../../Engine/Content/Functions/Engine_MaterialFunctions02/Utility/BlendAngleCorrectedNormals.uasset" 294
"../../../Engine/Content/Functions/Engine_MaterialFunctions02/Utility/BlendAngleCorrectedNormals.uexp" 295
"../../../Engine/Plugins/Experimental/AnimToTexture/Content/Materials/MaterialFunctions/TexCoord.uasset" 296
"../../../Engine/Plugins/Experimental/AnimToTexture/Content/Materials/MaterialFunctions/TexCoord.uexp" 297
"../../../Engine/Content/Functions/Engine_MaterialFunctions02/Utility/MakeFloat2.uasset" 298
"../../../Engine/Content/Functions/Engine_MaterialFunctions02/Utility/MakeFloat2.uexp" 299
"../../../Engine/Plugins/Experimental/AnimToTexture/Content/Materials/MaterialFunctions/NormalizeTwoWeights.uasset" 300
"../../../Engine/Plugins/Experimental/AnimToTexture/Content/Materials/MaterialFunctions/NormalizeTwoWeights.uexp" 301
"../../../Engine/Plugins/Experimental/AnimToTexture/Content/Materials/MaterialFunctions/BlendTwoInfluences.uasset" 302
"../../../Engine/Plugins/Experimental/AnimToTexture/Content/Materials/MaterialFunctions/BlendTwoInfluences.uexp" 303
"../../../Engine/Plugins/Experimental/AnimToTexture/Content/Characters/Mannequin/Textures/BoneAnimation/TX_BoneWeight.uasset" 304
"../../../Engine/Plugins/Experimental/AnimToTexture/Content/Characters/Mannequin/Textures/BoneAnimation/TX_BoneWeight.uexp" 305
"../../../Engine/Plugins/Experimental/AnimToTexture/Content/Materials/MaterialFunctions/UnpackBoneRotation.uasset" 306
"../../../Engine/Plugins/Experimental/AnimToTexture/Content/Materials/MaterialFunctions/UnpackBoneRotation.uexp" 307
"../../../Engine/Plugins/Experimental/AnimToTexture/Content/Materials/MaterialFunctions/GetAutoPlayFrame.uasset" 308
"../../../Engine/Plugins/Experimental/AnimToTexture/Content/Materials/MaterialFunctions/GetAutoPlayFrame.uexp" 309
"../../../Engine/Content/Functions/Engine_MaterialFunctions02/Utility/BreakOutFloat4Components.uasset" 310
"../../../Engine/Content/Functions/Engine_MaterialFunctions02/Utility/BreakOutFloat4Components.uexp" 311
"../../../Engine/Plugins/Experimental/AnimToTexture/Content/Materials/MaterialFunctions/NormalizeFourWeights.uasset" 312
"../../../Engine/Plugins/Experimental/AnimToTexture/Content/Materials/MaterialFunctions/NormalizeFourWeights.uexp" 313
"../../../Engine/Content/EngineResources/DefaultTexture.ubulk" 314
"../../../Engine/Content/EngineResources/DefaultTexture.uasset" 315
"../../../Engine/Content/EngineResources/DefaultTexture.uexp" 316
"../../../Engine/Plugins/Experimental/AnimToTexture/Content/Materials/MaterialFunctions/VertexUVs.uasset" 317
"../../../Engine/Plugins/Experimental/AnimToTexture/Content/Materials/MaterialFunctions/VertexUVs.uexp" 318
"../../../Engine/Plugins/Experimental/AnimToTexture/Content/Materials/MaterialFunctions/UnpackBoneWeights.uasset" 319
"../../../Engine/Plugins/Experimental/AnimToTexture/Content/Materials/MaterialFunctions/UnpackBoneWeights.uexp" 320
"../../../Engine/Plugins/Experimental/AnimToTexture/Content/Materials/MaterialFunctions/GetFrame.uasset" 321
"../../../Engine/Plugins/Experimental/AnimToTexture/Content/Materials/MaterialFunctions/GetFrame.uexp" 322
"../../../Engine/Plugins/Experimental/AnimToTexture/Content/Materials/MaterialFunctions/BoneIndexUVs.uasset" 323
"../../../Engine/Plugins/Experimental/AnimToTexture/Content/Materials/MaterialFunctions/BoneIndexUVs.uexp" 324
"../../../Engine/Content/Functions/Engine_MaterialFunctions02/WorldPositionOffset/ObjectPivotPoint.uasset" 325
"../../../Engine/Content/Functions/Engine_MaterialFunctions02/WorldPositionOffset/ObjectPivotPoint.uexp" 326
"../../../Engine/Plugins/Experimental/AnimToTexture/Content/Materials/MaterialFunctions/BonePositionAndNormal.uasset" 327
"../../../Engine/Plugins/Experimental/AnimToTexture/Content/Materials/MaterialFunctions/BonePositionAndNormal.uexp" 328
"../../../Engine/Plugins/Experimental/AnimToTexture/Content/Materials/MaterialFunctions/BlendFourIfluences.uasset" 329
"../../../Engine/Plugins/Experimental/AnimToTexture/Content/Materials/MaterialFunctions/BlendFourIfluences.uexp" 330
"../../../Engine/Plugins/Experimental/AnimToTexture/Content/Materials/MaterialFunctions/BlendBonePositionAndNormal.uasset" 331
"../../../Engine/Plugins/Experimental/AnimToTexture/Content/Materials/MaterialFunctions/BlendBonePositionAndNormal.uexp" 332
"../../../Engine/Plugins/Experimental/AnimToTexture/Content/Materials/ML_BoneAnimation.uasset" 333
"../../../Engine/Plugins/Experimental/AnimToTexture/Content/Materials/ML_BoneAnimation.uexp" 334
"C:/Users/hinen/Desktop/Unreal Projects/Projet_YH/Content/ThirdPerson/Assets/AI/Z2/Zombie.uasset" 335
"C:/Users/hinen/Desktop/Unreal Projects/Projet_YH/Content/ThirdPerson/Assets/AI/Z2/Zombie.uexp" 336
"C:/Users/hinen/Desktop/Unreal Projects/Projet_YH/Content/ThirdPerson/Assets/AI/Z2/Zombie_Mat.uasset" 337
"C:/Users/hinen/Desktop/Unreal Projects/Projet_YH/Content/ThirdPerson/Assets/AI/Z2/Zombie_Mat.uexp" 338
"C:/Users/hinen/Desktop/Unreal Projects/Projet_YH/Content/ThirdPerson/Assets/AI/Z2/MI_Z2.uasset" 339
"C:/Users/hinen/Desktop/Unreal Projects/Projet_YH/Content/ThirdPerson/Assets/AI/Z2/MI_Z2.uexp" 340
"C:/Users/hinen/Desktop/Unreal Projects/Projet_YH/Content/ThirdPerson/Assets/AI/MaterialsAndTextures/VAT_None_BPT.uasset" 341
"C:/Users/hinen/Desktop/Unreal Projects/Projet_YH/Content/ThirdPerson/Assets/AI/MaterialsAndTextures/VAT_None_BPT.uexp" 342
"C:/Users/hinen/Desktop/Unreal Projects/Projet_YH/Content/ThirdPerson/Assets/AI/MaterialsAndTextures/VAT_None_BRT.uasset" 343
"C:/Users/hinen/Desktop/Unreal Projects/Projet_YH/Content/ThirdPerson/Assets/AI/MaterialsAndTextures/VAT_None_BRT.uexp" 344
"C:/Users/hinen/Desktop/Unreal Projects/Projet_YH/Content/ThirdPerson/Assets/AI/MaterialsAndTextures/VAT_None_BWT.uasset" 345
"C:/Users/hinen/Desktop/Unreal Projects/Projet_YH/Content/ThirdPerson/Assets/AI/MaterialsAndTextures/VAT_None_BWT.uexp" 346
"C:/Users/hinen/Desktop/Unreal Projects/Projet_YH/Content/ThirdPerson/Assets/AI/MaterialsAndTextures/Ch10_1001_Specular.ubulk" 347
"C:/Users/hinen/Desktop/Unreal Projects/Projet_YH/Content/ThirdPerson/Assets/AI/MaterialsAndTextures/Ch10_1001_Specular.uasset" 348
"C:/Users/hinen/Desktop/Unreal Projects/Projet_YH/Content/ThirdPerson/Assets/AI/MaterialsAndTextures/Ch10_1001_Specular.uexp" 349
"C:/Users/hinen/Desktop/Unreal Projects/Projet_YH/Content/ThirdPerson/Assets/AI/MaterialsAndTextures/Ch10_1001_Normal.ubulk" 350
"C:/Users/hinen/Desktop/Unreal Projects/Projet_YH/Content/ThirdPerson/Assets/AI/MaterialsAndTextures/Ch10_1001_Normal.uasset" 351
"C:/Users/hinen/Desktop/Unreal Projects/Projet_YH/Content/ThirdPerson/Assets/AI/MaterialsAndTextures/Ch10_1001_Normal.uexp" 352
"C:/Users/hinen/Desktop/Unreal Projects/Projet_YH/Content/ThirdPerson/Assets/AI/MaterialsAndTextures/Ch10_1001_Diffuse.ubulk" 353
"C:/Users/hinen/Desktop/Unreal Projects/Projet_YH/Content/ThirdPerson/Assets/AI/MaterialsAndTextures/Ch10_1001_Diffuse.uasset" 354
"C:/Users/hinen/Desktop/Unreal Projects/Projet_YH/Content/ThirdPerson/Assets/AI/MaterialsAndTextures/Ch10_1001_Diffuse.uexp" 355
"C:/Users/hinen/Desktop/Unreal Projects/Projet_YH/Content/ThirdPerson/Assets/AI/MaterialsAndTextures/Ch10_1001_Glossiness.ubulk" 356
"C:/Users/hinen/Desktop/Unreal Projects/Projet_YH/Content/ThirdPerson/Assets/AI/MaterialsAndTextures/Ch10_1001_Glossiness.uasset" 357
"C:/Users/hinen/Desktop/Unreal Projects/Projet_YH/Content/ThirdPerson/Assets/AI/MaterialsAndTextures/Ch10_1001_Glossiness.uexp" 358
"C:/Users/hinen/Desktop/Unreal Projects/Projet_YH/Content/ThirdPerson/Assets/AI/MaterialsAndTextures/Ch10_body.uasset" 359
"C:/Users/hinen/Desktop/Unreal Projects/Projet_YH/Content/ThirdPerson/Assets/AI/MaterialsAndTextures/Ch10_body.uexp" 360
"C:/Users/hinen/Desktop/Unreal Projects/Projet_YH/Content/ThirdPerson/Assets/AI/MaterialsAndTextures/MI_ZBody.uasset" 361
"C:/Users/hinen/Desktop/Unreal Projects/Projet_YH/Content/ThirdPerson/Assets/AI/MaterialsAndTextures/MI_ZBody.uexp" 362
"C:/Users/hinen/Desktop/Unreal Projects/Projet_YH/Content/ThirdPerson/Assets/AI/MaterialsAndTextures/Ch10_1002_Normal.ubulk" 363
"C:/Users/hinen/Desktop/Unreal Projects/Projet_YH/Content/ThirdPerson/Assets/AI/MaterialsAndTextures/Ch10_1002_Normal.uasset" 364
"C:/Users/hinen/Desktop/Unreal Projects/Projet_YH/Content/ThirdPerson/Assets/AI/MaterialsAndTextures/Ch10_1002_Normal.uexp" 365
"C:/Users/hinen/Desktop/Unreal Projects/Projet_YH/Content/ThirdPerson/Assets/AI/MaterialsAndTextures/Ch10_1002_Glossiness.ubulk" 366
"C:/Users/hinen/Desktop/Unreal Projects/Projet_YH/Content/ThirdPerson/Assets/AI/MaterialsAndTextures/Ch10_1002_Glossiness.uasset" 367
"C:/Users/hinen/Desktop/Unreal Projects/Projet_YH/Content/ThirdPerson/Assets/AI/MaterialsAndTextures/Ch10_1002_Glossiness.uexp" 368
"C:/Users/hinen/Desktop/Unreal Projects/Projet_YH/Content/ThirdPerson/Assets/AI/MaterialsAndTextures/Ch10_1002_Specular.ubulk" 369
"C:/Users/hinen/Desktop/Unreal Projects/Projet_YH/Content/ThirdPerson/Assets/AI/MaterialsAndTextures/Ch10_1002_Specular.uasset" 370
"C:/Users/hinen/Desktop/Unreal Projects/Projet_YH/Content/ThirdPerson/Assets/AI/MaterialsAndTextures/Ch10_1002_Specular.uexp" 371
"C:/Users/hinen/Desktop/Unreal Projects/Projet_YH/Content/ThirdPerson/Assets/AI/MaterialsAndTextures/Ch10_1002_Diffuse.ubulk" 372
"C:/Users/hinen/Desktop/Unreal Projects/Projet_YH/Content/ThirdPerson/Assets/AI/MaterialsAndTextures/Ch10_1002_Diffuse.uasset" 373
"C:/Users/hinen/Desktop/Unreal Projects/Projet_YH/Content/ThirdPerson/Assets/AI/MaterialsAndTextures/Ch10_1002_Diffuse.uexp" 374
"C:/Users/hinen/Desktop/Unreal Projects/Projet_YH/Content/ThirdPerson/Assets/AI/MaterialsAndTextures/Ch10_body1.uasset" 375
"C:/Users/hinen/Desktop/Unreal Projects/Projet_YH/Content/ThirdPerson/Assets/AI/MaterialsAndTextures/Ch10_body1.uexp" 376
"C:/Users/hinen/Desktop/Unreal Projects/Projet_YH/Content/ThirdPerson/Assets/AI/MaterialsAndTextures/MI_ZBody2.uasset" 377
"C:/Users/hinen/Desktop/Unreal Projects/Projet_YH/Content/ThirdPerson/Assets/AI/MaterialsAndTextures/MI_ZBody2.uexp" 378
"C:/Users/hinen/Desktop/Unreal Projects/Projet_YH/Content/ThirdPerson/Assets/AI/Z2/SM_Z.ubulk" 379
"C:/Users/hinen/Desktop/Unreal Projects/Projet_YH/Content/ThirdPerson/Assets/AI/Z2/SM_Z.uasset" 380
"C:/Users/hinen/Desktop/Unreal Projects/Projet_YH/Content/ThirdPerson/Assets/AI/Z2/SM_Z.uexp" 381
"../../../Engine/Content/BasicShapes/BasicShapeMaterial.uasset" 382
"../../../Engine/Content/BasicShapes/BasicShapeMaterial.uexp" 383
"C:/Users/hinen/Desktop/Unreal Projects/Projet_YH/Content/ThirdPerson/Assets/AI/Z2/Zombie_Skeleton.uasset" 384
"C:/Users/hinen/Desktop/Unreal Projects/Projet_YH/Content/ThirdPerson/Assets/AI/Z2/Zombie_Skeleton.uexp" 385
"../../../Engine/Plugins/Animation/ACLPlugin/Content/ACLAnimBoneCompressionSettings.uasset" 386
"../../../Engine/Plugins/Animation/ACLPlugin/Content/ACLAnimBoneCompressionSettings.uexp" 387
"../../../Engine/Plugins/Animation/ACLPlugin/Content/ACLAnimCurveCompressionSettings.uasset" 388
"../../../Engine/Plugins/Animation/ACLPlugin/Content/ACLAnimCurveCompressionSettings.uexp" 389
"C:/Users/hinen/Desktop/Unreal Projects/Projet_YH/Content/ThirdPerson/Assets/AI/Z2/Standard_Run_Anim_Zombie_ZombieRun.uasset" 390
"C:/Users/hinen/Desktop/Unreal Projects/Projet_YH/Content/ThirdPerson/Assets/AI/Z2/Standard_Run_Anim_Zombie_ZombieRun.uexp" 391
"C:/Users/hinen/Desktop/Unreal Projects/Projet_YH/Content/ThirdPerson/Assets/AI/Z2/DA_Zombie1.uasset" 392
"C:/Users/hinen/Desktop/Unreal Projects/Projet_YH/Content/ThirdPerson/Assets/AI/Z2/DA_Zombie1.uexp" 393
"../../../Engine/Content/EditorBlueprintResources/StandardMacros.uasset" 394
"../../../Engine/Content/EditorBlueprintResources/StandardMacros.uexp" 395
"C:/Users/hinen/Desktop/Unreal Projects/Projet_YH/Content/ThirdPerson/Blueprints/AI/BP_Spawner.uasset" 396
"C:/Users/hinen/Desktop/Unreal Projects/Projet_YH/Content/ThirdPerson/Blueprints/AI/BP_Spawner.uexp" 397
"C:/Users/hinen/Desktop/Unreal Projects/Projet_YH/Content/ThirdPerson/Blueprints/HUD.uasset" 398
"C:/Users/hinen/Desktop/Unreal Projects/Projet_YH/Content/ThirdPerson/Blueprints/HUD.uexp" 399
"C:/Users/hinen/Desktop/Unreal Projects/Projet_YH/Content/ThirdPerson/Blueprints/BP_ThirdPersonCharacter.uasset" 400
"C:/Users/hinen/Desktop/Unreal Projects/Projet_YH/Content/ThirdPerson/Blueprints/BP_ThirdPersonCharacter.uexp" 401
"../../../Engine/Content/EditorMaterials/ParticleSystems/PSysThumbnail_OOD.ubulk" 402
"../../../Engine/Content/EditorMaterials/ParticleSystems/PSysThumbnail_OOD.uasset" 403
"../../../Engine/Content/EditorMaterials/ParticleSystems/PSysThumbnail_OOD.uexp" 404
"../../../Engine/Content/EditorMaterials/ParticleSystems/PSysThumbnail_NoImage.ubulk" 405
"../../../Engine/Content/EditorMaterials/ParticleSystems/PSysThumbnail_NoImage.uasset" 406
"../../../Engine/Content/EditorMaterials/ParticleSystems/PSysThumbnail_NoImage.uexp" 407
"../../../Engine/Content/EngineResources/DefaultTextureCube.uasset" 408
"../../../Engine/Content/EngineResources/DefaultTextureCube.uexp" 409
"../../../Engine/Content/EngineResources/DefaultVolumeTexture2D.uasset" 410
"../../../Engine/Content/EngineResources/DefaultVolumeTexture2D.uexp" 411
"../../../Engine/Content/EngineResources/DefaultVolumeTexture.uasset" 412
"../../../Engine/Content/EngineResources/DefaultVolumeTexture.uexp" 413
"../../../Engine/Content/Functions/Engine_MaterialFunctions02/WorldPositionOffset/CameraOffset.uasset" 414
"../../../Engine/Content/Functions/Engine_MaterialFunctions02/WorldPositionOffset/CameraOffset.uexp" 415
"../../../Engine/Plugins/Animation/ControlRig/Content/M_Manip.uasset" 416
"../../../Engine/Plugins/Animation/ControlRig/Content/M_Manip.uexp" 417
"../../../Engine/Plugins/Runtime/MeshModelingToolset/Content/Materials/M_DynamicMeshComponentVtxColor.uasset" 418
"../../../Engine/Plugins/Runtime/MeshModelingToolset/Content/Materials/M_DynamicMeshComponentVtxColor.uexp" 419
"../../../Engine/Plugins/Runtime/HairStrands/Content/Materials/HairMeshesDefaultMaterial.uasset" 420
"../../../Engine/Plugins/Runtime/HairStrands/Content/Materials/HairMeshesDefaultMaterial.uexp" 421
"../../../Engine/Plugins/Runtime/HairStrands/Content/Materials/HairDefaultMaterial.uasset" 422
"../../../Engine/Plugins/Runtime/HairStrands/Content/Materials/HairDefaultMaterial.uexp" 423
"../../../Engine/Plugins/Runtime/HairStrands/Content/Materials/HairGroupColors.uasset" 424
"../../../Engine/Plugins/Runtime/HairStrands/Content/Materials/HairGroupColors.uexp" 425
"../../../Engine/Content/Functions/Engine_MaterialFunctions02/Utility/MakeFloat3.uasset" 426
"../../../Engine/Content/Functions/Engine_MaterialFunctions02/Utility/MakeFloat3.uexp" 427
"../../../Engine/Content/EngineMaterials/HairColorMap.uasset" 428
"../../../Engine/Content/EngineMaterials/HairColorMap.uexp" 429
"../../../Engine/Content/EngineMaterials/HairDebugColor.uasset" 430
"../../../Engine/Content/EngineMaterials/HairDebugColor.uexp" 431
"../../../Engine/Plugins/Runtime/HairStrands/Content/Materials/HairDebugMaterial.uasset" 432
"../../../Engine/Plugins/Runtime/HairStrands/Content/Materials/HairDebugMaterial.uexp" 433
"../../../Engine/Plugins/Runtime/HairStrands/Content/Materials/HairCardsDefaultMaterial.uasset" 434
"../../../Engine/Plugins/Runtime/HairStrands/Content/Materials/HairCardsDefaultMaterial.uexp" 435
"../../../Engine/Plugins/Interchange/Assets/Content/Functions/MX_UsdPreviewSurface.uasset" 436
"../../../Engine/Plugins/Interchange/Assets/Content/Functions/MX_UsdPreviewSurface.uexp" 437
"../../../Engine/Plugins/Interchange/Assets/Content/Functions/MX_UniformEDF.uasset" 438
"../../../Engine/Plugins/Interchange/Assets/Content/Functions/MX_UniformEDF.uexp" 439
"../../../Engine/Plugins/Interchange/Assets/Content/Functions/MX_TranslucentBSDF.uasset" 440
"../../../Engine/Plugins/Interchange/Assets/Content/Functions/MX_TranslucentBSDF.uexp" 441
"../../../Engine/Plugins/Interchange/Assets/Content/Functions/MX_ThinFilmBSDF.uasset" 442
"../../../Engine/Plugins/Interchange/Assets/Content/Functions/MX_ThinFilmBSDF.uexp" 443
"../../../Engine/Plugins/Interchange/Assets/Content/Functions/MX_SurfaceUnlit.uasset" 444
"../../../Engine/Plugins/Interchange/Assets/Content/Functions/MX_SurfaceUnlit.uexp" 445
"../../../Engine/Plugins/Interchange/Assets/Content/Functions/MX_Surface.uasset" 446
"../../../Engine/Plugins/Interchange/Assets/Content/Functions/MX_Surface.uexp" 447
"../../../Engine/Plugins/Interchange/Assets/Content/Functions/MX_SubsurfaceBSDF.uasset" 448
"../../../Engine/Plugins/Interchange/Assets/Content/Functions/MX_SubsurfaceBSDF.uexp" 449
"../../../Engine/Plugins/Interchange/Assets/Content/Functions/MX_SheenBSDF.uasset" 450
"../../../Engine/Plugins/Interchange/Assets/Content/Functions/MX_SheenBSDF.uexp" 451
"../../../Engine/Plugins/Interchange/Assets/Content/Functions/MX_OrenNayarBSDF.uasset" 452
"../../../Engine/Plugins/Interchange/Assets/Content/Functions/MX_OrenNayarBSDF.uexp" 453
"../../../Engine/Plugins/Interchange/Assets/Content/Utilities/New_LUT.uasset" 454
"../../../Engine/Plugins/Interchange/Assets/Content/Utilities/New_LUT.uexp" 455
"../../../Engine/Content/Functions/Engine_MaterialFunctions03/Math/RemapValueRange.uasset" 456
"../../../Engine/Content/Functions/Engine_MaterialFunctions03/Math/RemapValueRange.uexp" 457
"../../../Engine/Plugins/Interchange/Assets/Content/Functions/MF_Iridescence.uasset" 458
"../../../Engine/Plugins/Interchange/Assets/Content/Functions/MF_Iridescence.uexp" 459
"../../../Engine/Plugins/Interchange/Assets/Content/Functions/MX_StandardSurface.uasset" 460
"../../../Engine/Plugins/Interchange/Assets/Content/Functions/MX_StandardSurface.uexp" 461
"../../../Engine/Plugins/Interchange/Assets/Content/Functions/MX_TransmissionSurface.uasset" 462
"../../../Engine/Plugins/Interchange/Assets/Content/Functions/MX_TransmissionSurface.uexp" 463
"../../../Engine/Plugins/Interchange/Assets/Content/Functions/MX_OpenPBR_Translucent.uasset" 464
"../../../Engine/Plugins/Interchange/Assets/Content/Functions/MX_OpenPBR_Translucent.uexp" 465
"../../../Engine/Plugins/Interchange/Assets/Content/Functions/MX_OpenPBR_Opaque.uasset" 466
"../../../Engine/Plugins/Interchange/Assets/Content/Functions/MX_OpenPBR_Opaque.uexp" 467
"../../../Engine/Plugins/Interchange/Assets/Content/Functions/MX_MeasuredEDF.uasset" 468
"../../../Engine/Plugins/Interchange/Assets/Content/Functions/MX_MeasuredEDF.uexp" 469
"../../../Engine/Plugins/Interchange/Assets/Content/Functions/MX_GeneralizedSchlickBSDF.uasset" 470
"../../../Engine/Plugins/Interchange/Assets/Content/Functions/MX_GeneralizedSchlickBSDF.uexp" 471
"../../../Engine/Plugins/Interchange/Assets/Content/Functions/MX_DielectricBSDF.uasset" 472
"../../../Engine/Plugins/Interchange/Assets/Content/Functions/MX_DielectricBSDF.uexp" 473
"../../../Engine/Plugins/Interchange/Assets/Content/Functions/MX_ConicalEDF.uasset" 474
"../../../Engine/Plugins/Interchange/Assets/Content/Functions/MX_ConicalEDF.uexp" 475
"../../../Engine/Plugins/Interchange/Assets/Content/Functions/MX_ConductorBSDF.uasset" 476
"../../../Engine/Plugins/Interchange/Assets/Content/Functions/MX_ConductorBSDF.uexp" 477
"../../../Engine/Plugins/Interchange/Assets/Content/Functions/MX_BurleyDiffuseBSDF.uasset" 478
"../../../Engine/Plugins/Interchange/Assets/Content/Functions/MX_BurleyDiffuseBSDF.uexp" 479
"../../../Engine/Plugins/Interchange/Assets/Content/Functions/MX_AnisotropicVDF.uasset" 480
"../../../Engine/Plugins/Interchange/Assets/Content/Functions/MX_AnisotropicVDF.uexp" 481
"../../../Engine/Plugins/Interchange/Assets/Content/Functions/MX_AbsorptionVDF.uasset" 482
"../../../Engine/Plugins/Interchange/Assets/Content/Functions/MX_AbsorptionVDF.uexp" 483
"../../../Engine/Plugins/Editor/SpeedTreeImporter/Content/SpeedTree9/game_wind_noise.ubulk" 484
"../../../Engine/Plugins/Editor/SpeedTreeImporter/Content/SpeedTree9/game_wind_noise.uasset" 485
"../../../Engine/Plugins/Editor/SpeedTreeImporter/Content/SpeedTree9/game_wind_noise.uexp" 486
"../../../Engine/Plugins/Editor/SpeedTreeImporter/Content/SpeedTree9/UnpackDirection.uasset" 487
"../../../Engine/Plugins/Editor/SpeedTreeImporter/Content/SpeedTree9/UnpackDirection.uexp" 488
"../../../Engine/Content/Functions/Engine_MaterialFunctions02/ObjectLocalBounds.uasset" 489
"../../../Engine/Content/Functions/Engine_MaterialFunctions02/ObjectLocalBounds.uexp" 490
"../../../Engine/Content/Functions/Engine_MaterialFunctions02/Utility/BreakOutFloat3Components.uasset" 491
"../../../Engine/Content/Functions/Engine_MaterialFunctions02/Utility/BreakOutFloat3Components.uexp" 492
"../../../Engine/Content/Functions/Engine_MaterialFunctions02/UVs/BoundingBoxBased_0-1_UVW.uasset" 493
"../../../Engine/Content/Functions/Engine_MaterialFunctions02/UVs/BoundingBoxBased_0-1_UVW.uexp" 494
"../../../Engine/Content/Functions/Engine_MaterialFunctions02/Utility/VectorLength.uasset" 495
"../../../Engine/Content/Functions/Engine_MaterialFunctions02/Utility/VectorLength.uexp" 496
"../../../Engine/Plugins/Editor/SpeedTreeImporter/Content/SpeedTree9/UnpackInteger3.uasset" 497
"../../../Engine/Plugins/Editor/SpeedTreeImporter/Content/SpeedTree9/UnpackInteger3.uexp" 498
"../../../Engine/Plugins/Editor/SpeedTreeImporter/Content/SpeedTree9/SpeedTreeCameraFacing.uasset" 499
"../../../Engine/Plugins/Editor/SpeedTreeImporter/Content/SpeedTree9/SpeedTreeCameraFacing.uexp" 500
"../../../Engine/Content/Functions/Engine_MaterialFunctions02/WorldPositionOffset/ObjectScale.uasset" 501
"../../../Engine/Content/Functions/Engine_MaterialFunctions02/WorldPositionOffset/ObjectScale.uexp" 502
"../../../Engine/Content/Functions/Engine_MaterialFunctions02/SafeNormalize.uasset" 503
"../../../Engine/Content/Functions/Engine_MaterialFunctions02/SafeNormalize.uexp" 504
"../../../Engine/Plugins/Editor/SpeedTreeImporter/Content/SpeedTree9/SpeedTreeWindMotion.uasset" 505
"../../../Engine/Plugins/Editor/SpeedTreeImporter/Content/SpeedTree9/SpeedTreeWindMotion.uexp" 506
"../../../Engine/Plugins/Editor/SpeedTreeImporter/Content/SpeedTree9/SpeedTreeBranchMotion.uasset" 507
"../../../Engine/Plugins/Editor/SpeedTreeImporter/Content/SpeedTree9/SpeedTreeBranchMotion.uexp" 508
"../../../Engine/Plugins/Editor/SpeedTreeImporter/Content/SpeedTree9/SpeedTreeWind.uasset" 509
"../../../Engine/Plugins/Editor/SpeedTreeImporter/Content/SpeedTree9/SpeedTreeWind.uexp" 510
"../../../Engine/Plugins/Editor/SpeedTreeImporter/Content/SpeedTree9/EmptyNormal.uasset" 511
"../../../Engine/Plugins/Editor/SpeedTreeImporter/Content/SpeedTree9/EmptyNormal.uexp" 512
"../../../Engine/Plugins/Editor/SpeedTreeImporter/Content/SpeedTree9/Empty.uasset" 513
"../../../Engine/Plugins/Editor/SpeedTreeImporter/Content/SpeedTree9/Empty.uexp" 514
"../../../Engine/Plugins/Editor/SpeedTreeImporter/Content/SpeedTree9/SpeedTreeMaster.uasset" 515
"../../../Engine/Plugins/Editor/SpeedTreeImporter/Content/SpeedTree9/SpeedTreeMaster.uexp" 516
"../../../Engine/Plugins/Editor/SpeedTreeImporter/Content/SpeedTree9/SpeedTreeBillboard.uasset" 517
"../../../Engine/Plugins/Editor/SpeedTreeImporter/Content/SpeedTree9/SpeedTreeBillboard.uexp" 518
"../../../Engine/Plugins/Editor/SpeedTreeImporter/Content/SpeedTree9/SpeedTreeBillboardMaster.uasset" 519
"../../../Engine/Plugins/Editor/SpeedTreeImporter/Content/SpeedTree9/SpeedTreeBillboardMaster.uexp" 520
"../../../Engine/Plugins/Animation/ControlRig/Content/Controls/ControlRigXRayMaterial.uasset" 521
"../../../Engine/Plugins/Animation/ControlRig/Content/Controls/ControlRigXRayMaterial.uexp" 522
"../../../Engine/Plugins/Animation/ControlRig/Content/Controls/ControlRigGizmoMaterial.uasset" 523
"../../../Engine/Plugins/Animation/ControlRig/Content/Controls/ControlRigGizmoMaterial.uexp" 524
"../../../Engine/Content/EngineMaterials/RemoveSurfaceMaterial.uasset" 525
"../../../Engine/Content/EngineMaterials/RemoveSurfaceMaterial.uexp" 526
"../../../Engine/Content/EngineMaterials/DefaultCalibrationGrayscale.uasset" 527
"../../../Engine/Content/EngineMaterials/DefaultCalibrationGrayscale.uexp" 528
"../../../Engine/Content/EngineMaterials/PPM_DefaultCalibrationGrayscale.uasset" 529
"../../../Engine/Content/EngineMaterials/PPM_DefaultCalibrationGrayscale.uexp" 530
"../../../Engine/Content/EngineMaterials/DefaultCalibrationColor.uasset" 531
"../../../Engine/Content/EngineMaterials/DefaultCalibrationColor.uexp" 532
"../../../Engine/Content/EngineMaterials/PPM_DefaultCalibrationColor.uasset" 533
"../../../Engine/Content/EngineMaterials/PPM_DefaultCalibrationColor.uexp" 534
"../../../Engine/Content/EngineMaterials/PhAT_JointLimitMaterial.uasset" 535
"../../../Engine/Content/EngineMaterials/PhAT_JointLimitMaterial.uexp" 536
"../../../Engine/Content/EngineMaterials/NaniteHiddenSectionMaterial.uasset" 537
"../../../Engine/Content/EngineMaterials/NaniteHiddenSectionMaterial.uexp" 538
"../../../Engine/Content/EngineMaterials/InvalidLightmapSettings.ubulk" 539
"../../../Engine/Content/EngineMaterials/InvalidLightmapSettings.uasset" 540
"../../../Engine/Content/EngineMaterials/InvalidLightmapSettings.uexp" 541
"../../../Engine/Content/EngineMaterials/M_InvalidLightmapSettings.uasset" 542
"../../../Engine/Content/EngineMaterials/M_InvalidLightmapSettings.uexp" 543
"../../../Engine/Content/EngineMaterials/GizmoMaterial.uasset" 544
"../../../Engine/Content/EngineMaterials/GizmoMaterial.uexp" 545
"../../../Engine/Content/EngineMaterials/BaseFlattenEmissiveMap_VT.uasset" 546
"../../../Engine/Content/EngineMaterials/BaseFlattenEmissiveMap_VT.uexp" 547
"../../../Engine/Content/EngineMaterials/BaseFlattenGrayscaleMap_VT.uasset" 548
"../../../Engine/Content/EngineMaterials/BaseFlattenGrayscaleMap_VT.uexp" 549
"../../../Engine/Content/EngineMaterials/BaseFlattenLinearColor_VT.uasset" 550
"../../../Engine/Content/EngineMaterials/BaseFlattenLinearColor_VT.uexp" 551
"../../../Engine/Content/EngineMaterials/Black_1x1_EXR_Texture_VT.uasset" 552
"../../../Engine/Content/EngineMaterials/Black_1x1_EXR_Texture_VT.uexp" 553
"../../../Engine/Content/EngineMaterials/BaseFlattenDiffuseMap_VT.uasset" 554
"../../../Engine/Content/EngineMaterials/BaseFlattenDiffuseMap_VT.uexp" 555
"../../../Engine/Content/EngineMaterials/BaseFlattenNormalMap_VT.uasset" 556
"../../../Engine/Content/EngineMaterials/BaseFlattenNormalMap_VT.uexp" 557
"../../../Engine/Content/EngineMaterials/FlattenMaterial_WS_Normal_VT.uasset" 558
"../../../Engine/Content/EngineMaterials/FlattenMaterial_WS_Normal_VT.uexp" 559
"../../../Engine/Content/EngineMaterials/FlattenMaterial_VT.uasset" 560
"../../../Engine/Content/EngineMaterials/FlattenMaterial_VT.uexp" 561
"../../../Engine/Content/EngineMaterials/BaseFlattenNormalMap.uasset" 562
"../../../Engine/Content/EngineMaterials/BaseFlattenNormalMap.uexp" 563
"../../../Engine/Content/EngineMaterials/BaseFlattenGrayscaleMap.uasset" 564
"../../../Engine/Content/EngineMaterials/BaseFlattenGrayscaleMap.uexp" 565
"../../../Engine/Content/EngineMaterials/BaseFlattenDiffuseMap.uasset" 566
"../../../Engine/Content/EngineMaterials/BaseFlattenDiffuseMap.uexp" 567
"../../../Engine/Content/Functions/Engine_MaterialFunctions02/PivotPainter2/Black_1x1_EXR_Texture.uasset" 568
"../../../Engine/Content/Functions/Engine_MaterialFunctions02/PivotPainter2/Black_1x1_EXR_Texture.uexp" 569
"../../../Engine/Content/EngineMaterials/BaseFlattenEmissiveMap.uasset" 570
"../../../Engine/Content/EngineMaterials/BaseFlattenEmissiveMap.uexp" 571
"../../../Engine/Content/EngineMaterials/BaseFlattenLinearColor.uasset" 572
"../../../Engine/Content/EngineMaterials/BaseFlattenLinearColor.uexp" 573
"../../../Engine/Content/EngineMaterials/FlattenMaterial.uasset" 574
"../../../Engine/Content/EngineMaterials/FlattenMaterial.uexp" 575
"../../../Engine/Content/EngineMaterials/DefaultWhiteGrid_Low.uasset" 576
"../../../Engine/Content/EngineMaterials/DefaultWhiteGrid_Low.uexp" 577
"../../../Engine/Content/EngineMaterials/EmissiveMeshMaterial.uasset" 578
"../../../Engine/Content/EngineMaterials/EmissiveMeshMaterial.uexp" 579
"../../../Engine/Content/EngineFonts/RobotoDistanceField.uasset" 580
"../../../Engine/Content/EngineFonts/RobotoDistanceField.uexp" 581
"../../../Engine/Content/EngineMaterials/DefaultTextMaterialOpaque.uasset" 582
"../../../Engine/Content/EngineMaterials/DefaultTextMaterialOpaque.uexp" 583
"../../../Engine/Content/EngineMaterials/DefaultDiffuse.ubulk" 584
"../../../Engine/Content/EngineMaterials/DefaultDiffuse.uasset" 585
"../../../Engine/Content/EngineMaterials/DefaultDiffuse.uexp" 586
"../../../Engine/Content/EngineMaterials/DefaultPostProcessMaterial.uasset" 587
"../../../Engine/Content/EngineMaterials/DefaultPostProcessMaterial.uexp" 588
"../../../Engine/Content/EngineMaterials/DefaultLightFunctionMaterial.uasset" 589
"../../../Engine/Content/EngineMaterials/DefaultLightFunctionMaterial.uexp" 590
"../../../Engine/Content/EngineMaterials/DefaultDeferredDecalMaterial.uasset" 591
"../../../Engine/Content/EngineMaterials/DefaultDeferredDecalMaterial.uexp" 592
"../../../Engine/Content/Functions/Engine_MaterialFunctions02/Utility/CameraDirectionVector.uasset" 593
"../../../Engine/Content/Functions/Engine_MaterialFunctions02/Utility/CameraDirectionVector.uexp" 594
"../../../Engine/Content/EngineDebugMaterials/VolumeToRender.uasset" 595
"../../../Engine/Content/EngineDebugMaterials/VolumeToRender.uexp" 596
"../../../Engine/Content/EngineDebugMaterials/M_VolumeRenderSphereTracePP.uasset" 597
"../../../Engine/Content/EngineDebugMaterials/M_VolumeRenderSphereTracePP.uexp" 598
"../../../Engine/Content/EngineDebugMaterials/M_SimpleUnlitTranslucent.uasset" 599
"../../../Engine/Content/EngineDebugMaterials/M_SimpleUnlitTranslucent.uexp" 600
"../../../Engine/Content/EngineDebugMaterials/DebugMeshMaterial.uasset" 601
"../../../Engine/Content/EngineDebugMaterials/DebugMeshMaterial.uexp" 602
"../../../Engine/Content/EngineDebugMaterials/DebugEditorMaterial.uasset" 603
"../../../Engine/Content/EngineDebugMaterials/DebugEditorMaterial.uexp" 604
"../../../Engine/Content/EditorMaterials/PreviewShadowIndicator.ubulk" 605
"../../../Engine/Content/EditorMaterials/PreviewShadowIndicator.uasset" 606
"../../../Engine/Content/EditorMaterials/PreviewShadowIndicator.uexp" 607
"../../../Engine/Content/EditorMaterials/PreviewShadowIndicatorMaterial.uasset" 608
"../../../Engine/Content/EditorMaterials/PreviewShadowIndicatorMaterial.uexp" 609
"../../../Engine/Content/EditorMaterials/PhAT_UnselectedMaterial.uasset" 610
"../../../Engine/Content/EditorMaterials/PhAT_UnselectedMaterial.uexp" 611
"../../../Engine/Content/EditorMaterials/PhAT_NoCollisionMaterial.uasset" 612
"../../../Engine/Content/EditorMaterials/PhAT_NoCollisionMaterial.uexp" 613
"../../../Engine/Content/EditorMaterials/Dataflow/DataflowVertexMaterial.uasset" 614
"../../../Engine/Content/EditorMaterials/Dataflow/DataflowVertexMaterial.uexp" 615
"../../../Engine/Content/EditorMaterials/Dataflow/DataflowTwoSidedVertexMaterial.uasset" 616
"../../../Engine/Content/EditorMaterials/Dataflow/DataflowTwoSidedVertexMaterial.uexp" 617
"../../../Engine/Content/Functions/Engine_MaterialFunctions01/Shading/PowerToRoughness.uasset" 618
"../../../Engine/Content/Functions/Engine_MaterialFunctions01/Shading/PowerToRoughness.uexp" 619
"../../../Engine/Content/Functions/Engine_MaterialFunctions01/Shading/ConvertFromDiffSpec.uasset" 620
"../../../Engine/Content/Functions/Engine_MaterialFunctions01/Shading/ConvertFromDiffSpec.uexp" 621
"../../../Engine/Content/EngineMaterials/Substrate/Volume/SubstrateSimpleVolumeLUT3D.uasset" 622
"../../../Engine/Content/EngineMaterials/Substrate/Volume/SubstrateSimpleVolumeLUT3D.uexp" 623
"../../../Engine/Content/EngineMaterials/Substrate/Volume/SubstrateSimpleVolumeEnvLUT3D.uasset" 624
"../../../Engine/Content/EngineMaterials/Substrate/Volume/SubstrateSimpleVolumeEnvLUT3D.uexp" 625
"../../../Engine/Content/EngineMaterials/WeightMapPlaceholderTexture.uasset" 626
"../../../Engine/Content/EngineMaterials/WeightMapPlaceholderTexture.uexp" 627
"../../../Engine/Content/EngineMaterials/WeightMapArrayPlaceholderTexture.uasset" 628
"../../../Engine/Content/EngineMaterials/WeightMapArrayPlaceholderTexture.uexp" 629
"../../../Engine/Content/EngineMaterials/Substrate/GLints2/AGlintTex2dArray2.uasset" 630
"../../../Engine/Content/EngineMaterials/Substrate/GLints2/AGlintTex2dArray2.uexp" 631
"../../../Engine/Content/EngineMaterials/Substrate/GLints/AGlintTex2dArray.uasset" 632
"../../../Engine/Content/EngineMaterials/Substrate/GLints/AGlintTex2dArray.uexp" 633
"../../../Engine/Plugins/NNE/NNEDenoiser/Content/NNEDIM_ColorAlbedoNormal_Alpha.uasset" 634
"../../../Engine/Plugins/NNE/NNEDenoiser/Content/NNEDIM_ColorAlbedoNormal_Alpha.uexp" 635
"../../../Engine/Plugins/NNE/NNEDenoiser/Content/NNEDIM_ColorAlbedoNormal_Default.uasset" 636
"../../../Engine/Plugins/NNE/NNEDenoiser/Content/NNEDIM_ColorAlbedoNormal_Default.uexp" 637
"../../../Engine/Plugins/NNE/NNEDenoiser/Content/NNEDIM_HighQuality_Alpha.uasset" 638
"../../../Engine/Plugins/NNE/NNEDenoiser/Content/NNEDIM_HighQuality_Alpha.uexp" 639
"../../../Engine/Plugins/NNE/NNEDenoiser/Content/NNEDIM_HighQuality_Default.uasset" 640
"../../../Engine/Plugins/NNE/NNEDenoiser/Content/NNEDIM_HighQuality_Default.uexp" 641
"../../../Engine/Plugins/NNE/NNEDenoiser/Content/NNEDOM_Output_Alpha.uasset" 642
"../../../Engine/Plugins/NNE/NNEDenoiser/Content/NNEDOM_Output_Alpha.uexp" 643
"../../../Engine/Plugins/NNE/NNEDenoiser/Content/NNEDOM_Output_Default.uasset" 644
"../../../Engine/Plugins/NNE/NNEDenoiser/Content/NNEDOM_Output_Default.uexp" 645
"../../../Engine/Plugins/NNE/NNEDenoiser/Content/NNEDTIM_ColorAlbedoNormal_Alpha.uasset" 646
"../../../Engine/Plugins/NNE/NNEDenoiser/Content/NNEDTIM_ColorAlbedoNormal_Alpha.uexp" 647
"../../../Engine/Plugins/NNE/NNEDenoiser/Content/NNEDTIM_ColorAlbedoNormal_Default.uasset" 648
"../../../Engine/Plugins/NNE/NNEDenoiser/Content/NNEDTIM_ColorAlbedoNormal_Default.uexp" 649
"../../../Engine/Plugins/NNE/NNEDenoiser/Content/NNEDTOM_Output_Alpha.uasset" 650
"../../../Engine/Plugins/NNE/NNEDenoiser/Content/NNEDTOM_Output_Alpha.uexp" 651
"../../../Engine/Plugins/NNE/NNEDenoiser/Content/NNEDTOM_Output_Default.uasset" 652
"../../../Engine/Plugins/NNE/NNEDenoiser/Content/NNEDTOM_Output_Default.uexp" 653
"../../../Engine/Content/EngineMeshes/Sphere.ubulk" 654
"../../../Engine/Content/EngineMeshes/Sphere.uasset" 655
"../../../Engine/Content/EngineMeshes/Sphere.uexp" 656
"../../../Engine/Content/EngineMaterials/WorldGridMaterial.uasset" 657
"../../../Engine/Content/EngineMaterials/WorldGridMaterial.uexp" 658
"../../../Engine/Content/ArtTools/RenderToTexture/Meshes/S_1_Unit_Plane.ubulk" 659
"../../../Engine/Content/ArtTools/RenderToTexture/Meshes/S_1_Unit_Plane.uasset" 660
"../../../Engine/Content/ArtTools/RenderToTexture/Meshes/S_1_Unit_Plane.uexp" 661
"../../../Engine/Content/Functions/Engine_MaterialFunctions02/Math/Transform3x3Matrix.uasset" 662
"../../../Engine/Content/Functions/Engine_MaterialFunctions02/Math/Transform3x3Matrix.uexp" 663
"../../../Engine/Plugins/Interchange/Assets/Content/gltf/Textures/T_White_srgb.uasset" 664
"../../../Engine/Plugins/Interchange/Assets/Content/gltf/Textures/T_White_srgb.uexp" 665
"../../../Engine/Plugins/Interchange/Assets/Content/gltf/MaterialFunctions/MF_Specular.uasset" 666
"../../../Engine/Plugins/Interchange/Assets/Content/gltf/MaterialFunctions/MF_Specular.uexp" 667
"../../../Engine/Plugins/Interchange/Assets/Content/gltf/Textures/T_Anisotropy_Direction_Linear.uasset" 668
"../../../Engine/Plugins/Interchange/Assets/Content/gltf/Textures/T_Anisotropy_Direction_Linear.uexp" 669
"../../../Engine/Plugins/Interchange/Assets/Content/gltf/MaterialFunctions/MF_SpecularAnisotropy.uasset" 670
"../../../Engine/Plugins/Interchange/Assets/Content/gltf/MaterialFunctions/MF_SpecularAnisotropy.uexp" 671
"../../../Engine/Plugins/Interchange/Assets/Content/gltf/Textures/T_White_Linear.uasset" 672
"../../../Engine/Plugins/Interchange/Assets/Content/gltf/Textures/T_White_Linear.uexp" 673
"../../../Engine/Plugins/Interchange/Assets/Content/gltf/MaterialFunctions/MF_MetallicRoughness.uasset" 674
"../../../Engine/Plugins/Interchange/Assets/Content/gltf/MaterialFunctions/MF_MetallicRoughness.uexp" 675
"../../../Engine/Plugins/Interchange/Assets/Content/gltf/Textures/T_Generic_N.uasset" 676
"../../../Engine/Plugins/Interchange/Assets/Content/gltf/Textures/T_Generic_N.uexp" 677
"../../../Engine/Plugins/Interchange/Assets/Content/gltf/MaterialFunctions/MF_ScaleNormal.uasset" 678
"../../../Engine/Plugins/Interchange/Assets/Content/gltf/MaterialFunctions/MF_ScaleNormal.uexp" 679
"../../../Engine/Plugins/Interchange/Assets/Content/gltf/MaterialFunctions/MF_BaseColor.uasset" 680
"../../../Engine/Plugins/Interchange/Assets/Content/gltf/MaterialFunctions/MF_BaseColor.uexp" 681
"../../../Engine/Plugins/Interchange/Assets/Content/gltf/MaterialFunctions/MF_Iridescence.uasset" 682
"../../../Engine/Plugins/Interchange/Assets/Content/gltf/MaterialFunctions/MF_Iridescence.uexp" 683
"../../../Engine/Plugins/Interchange/Assets/Content/gltf/MaterialFunctions/MF_Occlusion.uasset" 684
"../../../Engine/Plugins/Interchange/Assets/Content/gltf/MaterialFunctions/MF_Occlusion.uexp" 685
"../../../Engine/Plugins/Interchange/Assets/Content/gltf/MaterialFunctions/MF_IOR.uasset" 686
"../../../Engine/Plugins/Interchange/Assets/Content/gltf/MaterialFunctions/MF_IOR.uexp" 687
"../../../Engine/Plugins/Interchange/Assets/Content/gltf/MaterialFunctions/MF_RotateV2.uasset" 688
"../../../Engine/Plugins/Interchange/Assets/Content/gltf/MaterialFunctions/MF_RotateV2.uexp" 689
"../../../Engine/Plugins/Interchange/Assets/Content/gltf/MaterialFunctions/MF_TransformUVs.uasset" 690
"../../../Engine/Plugins/Interchange/Assets/Content/gltf/MaterialFunctions/MF_TransformUVs.uexp" 691
"../../../Engine/Plugins/Interchange/Assets/Content/gltf/MaterialFunctions/MF_Emissive.uasset" 692
"../../../Engine/Plugins/Interchange/Assets/Content/gltf/MaterialFunctions/MF_Emissive.uexp" 693
"../../../Engine/Plugins/Interchange/Assets/Content/gltf/MaterialFunctions/MF_RotateNormals_TS.uasset" 694
"../../../Engine/Plugins/Interchange/Assets/Content/gltf/MaterialFunctions/MF_RotateNormals_TS.uexp" 695
"../../../Engine/Plugins/Interchange/Assets/Content/gltf/MaterialFunctions/MF_Normals.uasset" 696
"../../../Engine/Plugins/Interchange/Assets/Content/gltf/MaterialFunctions/MF_Normals.uexp" 697
"../../../Engine/Content/Functions/Engine_MaterialFunctions01/Texturing/FlattenNormal.uasset" 698
"../../../Engine/Content/Functions/Engine_MaterialFunctions01/Texturing/FlattenNormal.uexp" 699
"../../../Engine/Plugins/Interchange/Assets/Content/gltf/MaterialFunctions/MF_Clearcoat.uasset" 700
"../../../Engine/Plugins/Interchange/Assets/Content/gltf/MaterialFunctions/MF_Clearcoat.uexp" 701
"../../../Engine/Plugins/Interchange/Assets/Content/gltf/MaterialBodies/MF_ClearCoat_Body.uasset" 702
"../../../Engine/Plugins/Interchange/Assets/Content/gltf/MaterialBodies/MF_ClearCoat_Body.uexp" 703
"../../../Engine/Plugins/Interchange/Assets/Content/gltf/M_ClearCoat.uasset" 704
"../../../Engine/Plugins/Interchange/Assets/Content/gltf/M_ClearCoat.uexp" 705
"../../../Engine/Plugins/Interchange/Assets/Content/gltf/MaterialInstances/MI_ClearCoat_Blend.uasset" 706
"../../../Engine/Plugins/Interchange/Assets/Content/gltf/MaterialInstances/MI_ClearCoat_Blend.uexp" 707
"../../../Engine/Plugins/Interchange/Assets/Content/gltf/MaterialInstances/MI_ClearCoat_Blend_DS.uasset" 708
"../../../Engine/Plugins/Interchange/Assets/Content/gltf/MaterialInstances/MI_ClearCoat_Blend_DS.uexp" 709
"../../../Engine/Plugins/Interchange/Assets/Content/gltf/MaterialInstances/MI_ClearCoat_Mask.uasset" 710
"../../../Engine/Plugins/Interchange/Assets/Content/gltf/MaterialInstances/MI_ClearCoat_Mask.uexp" 711
"../../../Engine/Plugins/Interchange/Assets/Content/gltf/MaterialInstances/MI_ClearCoat_Mask_DS.uasset" 712
"../../../Engine/Plugins/Interchange/Assets/Content/gltf/MaterialInstances/MI_ClearCoat_Mask_DS.uexp" 713
"../../../Engine/Plugins/Interchange/Assets/Content/gltf/MaterialInstances/MI_ClearCoat_Opaque.uasset" 714
"../../../Engine/Plugins/Interchange/Assets/Content/gltf/MaterialInstances/MI_ClearCoat_Opaque.uexp" 715
"../../../Engine/Plugins/Interchange/Assets/Content/gltf/MaterialInstances/MI_ClearCoat_Opaque_DS.uasset" 716
"../../../Engine/Plugins/Interchange/Assets/Content/gltf/MaterialInstances/MI_ClearCoat_Opaque_DS.uexp" 717
"../../../Engine/Plugins/Interchange/Assets/Content/gltf/MaterialBodies/MF_Default_Body.uasset" 718
"../../../Engine/Plugins/Interchange/Assets/Content/gltf/MaterialBodies/MF_Default_Body.uexp" 719
"../../../Engine/Plugins/Interchange/Assets/Content/gltf/M_Default.uasset" 720
"../../../Engine/Plugins/Interchange/Assets/Content/gltf/M_Default.uexp" 721
"../../../Engine/Plugins/Interchange/Assets/Content/gltf/MaterialInstances/MI_Default_Blend.uasset" 722
"../../../Engine/Plugins/Interchange/Assets/Content/gltf/MaterialInstances/MI_Default_Blend.uexp" 723
"../../../Engine/Plugins/Interchange/Assets/Content/gltf/MaterialInstances/MI_Default_Blend_DS.uasset" 724
"../../../Engine/Plugins/Interchange/Assets/Content/gltf/MaterialInstances/MI_Default_Blend_DS.uexp" 725
"../../../Engine/Plugins/Interchange/Assets/Content/gltf/MaterialInstances/MI_Default_Mask.uasset" 726
"../../../Engine/Plugins/Interchange/Assets/Content/gltf/MaterialInstances/MI_Default_Mask.uexp" 727
"../../../Engine/Plugins/Interchange/Assets/Content/gltf/MaterialInstances/MI_Default_Mask_DS.uasset" 728
"../../../Engine/Plugins/Interchange/Assets/Content/gltf/MaterialInstances/MI_Default_Mask_DS.uexp" 729
"../../../Engine/Plugins/Interchange/Assets/Content/gltf/MaterialInstances/MI_Default_Opaque.uasset" 730
"../../../Engine/Plugins/Interchange/Assets/Content/gltf/MaterialInstances/MI_Default_Opaque.uexp" 731
"../../../Engine/Plugins/Interchange/Assets/Content/gltf/MaterialInstances/MI_Default_Opaque_DS.uasset" 732
"../../../Engine/Plugins/Interchange/Assets/Content/gltf/MaterialInstances/MI_Default_Opaque_DS.uexp" 733
"../../../Engine/Plugins/Interchange/Assets/Content/gltf/MaterialFunctions/MF_Sheen.uasset" 734
"../../../Engine/Plugins/Interchange/Assets/Content/gltf/MaterialFunctions/MF_Sheen.uexp" 735
"../../../Engine/Plugins/Interchange/Assets/Content/gltf/MaterialBodies/MF_Sheen_Body.uasset" 736
"../../../Engine/Plugins/Interchange/Assets/Content/gltf/MaterialBodies/MF_Sheen_Body.uexp" 737
"../../../Engine/Plugins/Interchange/Assets/Content/gltf/M_Sheen.uasset" 738
"../../../Engine/Plugins/Interchange/Assets/Content/gltf/M_Sheen.uexp" 739
"../../../Engine/Plugins/Interchange/Assets/Content/gltf/MaterialInstances/MI_Sheen_Blend.uasset" 740
"../../../Engine/Plugins/Interchange/Assets/Content/gltf/MaterialInstances/MI_Sheen_Blend.uexp" 741
"../../../Engine/Plugins/Interchange/Assets/Content/gltf/MaterialInstances/MI_Sheen_Blend_DS.uasset" 742
"../../../Engine/Plugins/Interchange/Assets/Content/gltf/MaterialInstances/MI_Sheen_Blend_DS.uexp" 743
"../../../Engine/Plugins/Interchange/Assets/Content/gltf/MaterialInstances/MI_Sheen_Mask.uasset" 744
"../../../Engine/Plugins/Interchange/Assets/Content/gltf/MaterialInstances/MI_Sheen_Mask.uexp" 745
"../../../Engine/Plugins/Interchange/Assets/Content/gltf/MaterialInstances/MI_Sheen_Mask_DS.uasset" 746
"../../../Engine/Plugins/Interchange/Assets/Content/gltf/MaterialInstances/MI_Sheen_Mask_DS.uexp" 747
"../../../Engine/Plugins/Interchange/Assets/Content/gltf/MaterialInstances/MI_Sheen_Opaque.uasset" 748
"../../../Engine/Plugins/Interchange/Assets/Content/gltf/MaterialInstances/MI_Sheen_Opaque.uexp" 749
"../../../Engine/Plugins/Interchange/Assets/Content/gltf/MaterialInstances/MI_Sheen_Opaque_DS.uasset" 750
"../../../Engine/Plugins/Interchange/Assets/Content/gltf/MaterialInstances/MI_Sheen_Opaque_DS.uexp" 751
"../../../Engine/Content/Functions/Engine_MaterialFunctions02/Math/AddComponents.uasset" 752
"../../../Engine/Content/Functions/Engine_MaterialFunctions02/Math/AddComponents.uexp" 753
"../../../Engine/Plugins/Interchange/Assets/Content/gltf/MaterialFunctions/MF_DiffuseSpecGloss.uasset" 754
"../../../Engine/Plugins/Interchange/Assets/Content/gltf/MaterialFunctions/MF_DiffuseSpecGloss.uexp" 755
"../../../Engine/Plugins/Interchange/Assets/Content/gltf/MaterialFunctions/MF_PerceivedBrightness.uasset" 756
"../../../Engine/Plugins/Interchange/Assets/Content/gltf/MaterialFunctions/MF_PerceivedBrightness.uexp" 757
"../../../Engine/Plugins/Interchange/Assets/Content/gltf/MaterialFunctions/MF_SpecGlossToMetalRoughness.uasset" 758
"../../../Engine/Plugins/Interchange/Assets/Content/gltf/MaterialFunctions/MF_SpecGlossToMetalRoughness.uexp" 759
"../../../Engine/Plugins/Interchange/Assets/Content/gltf/MaterialFunctions/MF_MaxComponentValue.uasset" 760
"../../../Engine/Plugins/Interchange/Assets/Content/gltf/MaterialFunctions/MF_MaxComponentValue.uexp" 761
"../../../Engine/Plugins/Interchange/Assets/Content/gltf/MaterialBodies/MF_SpecularGlossiness_Body.uasset" 762
"../../../Engine/Plugins/Interchange/Assets/Content/gltf/MaterialBodies/MF_SpecularGlossiness_Body.uexp" 763
"../../../Engine/Plugins/Interchange/Assets/Content/gltf/M_SpecularGlossiness.uasset" 764
"../../../Engine/Plugins/Interchange/Assets/Content/gltf/M_SpecularGlossiness.uexp" 765
"../../../Engine/Plugins/Interchange/Assets/Content/gltf/MaterialInstances/MI_SpecularGlossiness_Blend.uasset" 766
"../../../Engine/Plugins/Interchange/Assets/Content/gltf/MaterialInstances/MI_SpecularGlossiness_Blend.uexp" 767
"../../../Engine/Plugins/Interchange/Assets/Content/gltf/MaterialInstances/MI_SpecularGlossiness_Blend_DS.uasset" 768
"../../../Engine/Plugins/Interchange/Assets/Content/gltf/MaterialInstances/MI_SpecularGlossiness_Blend_DS.uexp" 769
"../../../Engine/Plugins/Interchange/Assets/Content/gltf/MaterialInstances/MI_SpecularGlossiness_Mask.uasset" 770
"../../../Engine/Plugins/Interchange/Assets/Content/gltf/MaterialInstances/MI_SpecularGlossiness_Mask.uexp" 771
"../../../Engine/Plugins/Interchange/Assets/Content/gltf/MaterialInstances/MI_SpecularGlossiness_Mask_DS.uasset" 772
"../../../Engine/Plugins/Interchange/Assets/Content/gltf/MaterialInstances/MI_SpecularGlossiness_Mask_DS.uexp" 773
"../../../Engine/Plugins/Interchange/Assets/Content/gltf/MaterialInstances/MI_SpecularGlossiness_Opaque.uasset" 774
"../../../Engine/Plugins/Interchange/Assets/Content/gltf/MaterialInstances/MI_SpecularGlossiness_Opaque.uexp" 775
"../../../Engine/Plugins/Interchange/Assets/Content/gltf/MaterialInstances/MI_SpecularGlossiness_Opaque_DS.uasset" 776
"../../../Engine/Plugins/Interchange/Assets/Content/gltf/MaterialInstances/MI_SpecularGlossiness_Opaque_DS.uexp" 777
"../../../Engine/Content/EngineMaterials/Good64x64TilingNoiseHighFreq.uasset" 778
"../../../Engine/Content/EngineMaterials/Good64x64TilingNoiseHighFreq.uexp" 779
"../../../Engine/Content/Functions/Engine_MaterialFunctions02/Texturing/ScreenAlignedPixelToPixelUVs.uasset" 780
"../../../Engine/Content/Functions/Engine_MaterialFunctions02/Texturing/ScreenAlignedPixelToPixelUVs.uexp" 781
"../../../Engine/Plugins/Interchange/Assets/Content/gltf/MaterialFunctions/MF_Temporal_Blur.uasset" 782
"../../../Engine/Plugins/Interchange/Assets/Content/gltf/MaterialFunctions/MF_Temporal_Blur.uexp" 783
"../../../Engine/Plugins/Interchange/Assets/Content/gltf/MaterialFunctions/MF_Fresnel_DS.uasset" 784
"../../../Engine/Plugins/Interchange/Assets/Content/gltf/MaterialFunctions/MF_Fresnel_DS.uexp" 785
"../../../Engine/Plugins/Interchange/Assets/Content/gltf/MaterialFunctions/MF_Transmission.uasset" 786
"../../../Engine/Plugins/Interchange/Assets/Content/gltf/MaterialFunctions/MF_Transmission.uexp" 787
"../../../Engine/Plugins/Interchange/Assets/Content/gltf/MaterialBodies/MF_Transmission_Body.uasset" 788
"../../../Engine/Plugins/Interchange/Assets/Content/gltf/MaterialBodies/MF_Transmission_Body.uexp" 789
"../../../Engine/Plugins/Interchange/Assets/Content/gltf/M_Transmission.uasset" 790
"../../../Engine/Plugins/Interchange/Assets/Content/gltf/M_Transmission.uexp" 791
"../../../Engine/Plugins/Interchange/Assets/Content/gltf/MaterialInstances/MI_Transmission.uasset" 792
"../../../Engine/Plugins/Interchange/Assets/Content/gltf/MaterialInstances/MI_Transmission.uexp" 793
"../../../Engine/Plugins/Interchange/Assets/Content/gltf/MaterialInstances/MI_Transmission_DS.uasset" 794
"../../../Engine/Plugins/Interchange/Assets/Content/gltf/MaterialInstances/MI_Transmission_DS.uexp" 795
"../../../Engine/Plugins/Interchange/Assets/Content/gltf/MaterialBodies/MF_Unlit_Body.uasset" 796
"../../../Engine/Plugins/Interchange/Assets/Content/gltf/MaterialBodies/MF_Unlit_Body.uexp" 797
"../../../Engine/Plugins/Interchange/Assets/Content/gltf/M_Unlit.uasset" 798
"../../../Engine/Plugins/Interchange/Assets/Content/gltf/M_Unlit.uexp" 799
"../../../Engine/Plugins/Interchange/Assets/Content/gltf/MaterialInstances/MI_Unlit_Blend.uasset" 800
"../../../Engine/Plugins/Interchange/Assets/Content/gltf/MaterialInstances/MI_Unlit_Blend.uexp" 801
"../../../Engine/Plugins/Interchange/Assets/Content/gltf/MaterialInstances/MI_Unlit_Blend_DS.uasset" 802
"../../../Engine/Plugins/Interchange/Assets/Content/gltf/MaterialInstances/MI_Unlit_Blend_DS.uexp" 803
"../../../Engine/Plugins/Interchange/Assets/Content/gltf/MaterialInstances/MI_Unlit_Mask.uasset" 804
"../../../Engine/Plugins/Interchange/Assets/Content/gltf/MaterialInstances/MI_Unlit_Mask.uexp" 805
"../../../Engine/Plugins/Interchange/Assets/Content/gltf/MaterialInstances/MI_Unlit_Mask_DS.uasset" 806
"../../../Engine/Plugins/Interchange/Assets/Content/gltf/MaterialInstances/MI_Unlit_Mask_DS.uexp" 807
"../../../Engine/Plugins/Interchange/Assets/Content/gltf/MaterialInstances/MI_Unlit_Opaque.uasset" 808
"../../../Engine/Plugins/Interchange/Assets/Content/gltf/MaterialInstances/MI_Unlit_Opaque.uexp" 809
"../../../Engine/Plugins/Interchange/Assets/Content/gltf/MaterialInstances/MI_Unlit_Opaque_DS.uasset" 810
"../../../Engine/Plugins/Interchange/Assets/Content/gltf/MaterialInstances/MI_Unlit_Opaque_DS.uexp" 811
"../../../Engine/Content/EditorMaterials/Camera/CineMat.uasset" 812
"../../../Engine/Content/EditorMaterials/Camera/CineMat.uexp" 813
"../../../Engine/Content/EditorMaterials/Camera/MI_CineMat_Rig.uasset" 814
"../../../Engine/Content/EditorMaterials/Camera/MI_CineMat_Rig.uexp" 815
"../../../Engine/Content/EditorMeshes/Camera/SM_CraneRig_Arm.ubulk" 816
"../../../Engine/Content/EditorMeshes/Camera/SM_CraneRig_Arm.uasset" 817
"../../../Engine/Content/EditorMeshes/Camera/SM_CraneRig_Arm.uexp" 818
"../../../Engine/Content/EditorMeshes/Camera/SM_CraneRig_Base.ubulk" 819
"../../../Engine/Content/EditorMeshes/Camera/SM_CraneRig_Base.uasset" 820
"../../../Engine/Content/EditorMeshes/Camera/SM_CraneRig_Base.uexp" 821
"../../../Engine/Content/EditorMeshes/Camera/SM_CraneRig_Body.ubulk" 822
"../../../Engine/Content/EditorMeshes/Camera/SM_CraneRig_Body.uasset" 823
"../../../Engine/Content/EditorMeshes/Camera/SM_CraneRig_Body.uexp" 824
"../../../Engine/Content/EditorMeshes/Camera/SM_CraneRig_Mount.ubulk" 825
"../../../Engine/Content/EditorMeshes/Camera/SM_CraneRig_Mount.uasset" 826
"../../../Engine/Content/EditorMeshes/Camera/SM_CraneRig_Mount.uexp" 827
"../../../Engine/Content/EditorMeshes/Camera/SM_RailRig_Mount.ubulk" 828
"../../../Engine/Content/EditorMeshes/Camera/SM_RailRig_Mount.uasset" 829
"../../../Engine/Content/EditorMeshes/Camera/SM_RailRig_Mount.uexp" 830
"../../../Engine/Content/EditorMeshes/Camera/SM_RailRig_Track.ubulk" 831
"../../../Engine/Content/EditorMeshes/Camera/SM_RailRig_Track.uasset" 832
"../../../Engine/Content/EditorMeshes/Camera/SM_RailRig_Track.uexp" 833
"../../../Engine/Content/EngineSky/VolumetricClouds/T_CloudMask.ubulk" 834
"../../../Engine/Content/EngineSky/VolumetricClouds/T_CloudMask.uasset" 835
"../../../Engine/Content/EngineSky/VolumetricClouds/T_CloudMask.uexp" 836
"../../../Engine/Content/EngineSky/VolumetricClouds/VT_Lightning.uasset" 837
"../../../Engine/Content/EngineSky/VolumetricClouds/VT_Lightning.uexp" 838
"../../../Engine/Content/EngineSky/VolumetricClouds/T_Profile_08.ubulk" 839
"../../../Engine/Content/EngineSky/VolumetricClouds/T_Profile_08.uasset" 840
"../../../Engine/Content/EngineSky/VolumetricClouds/T_Profile_08.uexp" 841
"../../../Engine/Content/Functions/Engine_MaterialFunctions02/Utility/MakeFloat4.uasset" 842
"../../../Engine/Content/Functions/Engine_MaterialFunctions02/Utility/MakeFloat4.uexp" 843
"../../../Engine/Content/Functions/Engine_MaterialFunctions01/Units/Km-to-Cm.uasset" 844
"../../../Engine/Content/Functions/Engine_MaterialFunctions01/Units/Km-to-Cm.uexp" 845
"../../../Engine/Content/EngineSky/VolumetricClouds/T_CloudPattern.ubulk" 846
"../../../Engine/Content/EngineSky/VolumetricClouds/T_CloudPattern.uasset" 847
"../../../Engine/Content/EngineSky/VolumetricClouds/T_CloudPattern.uexp" 848
"../../../Engine/Content/EngineSky/VolumetricClouds/VT_PerlinWorley_Balanced.uasset" 849
"../../../Engine/Content/EngineSky/VolumetricClouds/VT_PerlinWorley_Balanced.uexp" 850
"../../../Engine/Content/EngineSky/VolumetricClouds/m_SimpleVolumetricCloud.uasset" 851
"../../../Engine/Content/EngineSky/VolumetricClouds/m_SimpleVolumetricCloud.uexp" 852
"../../../Engine/Content/EngineSky/VolumetricClouds/m_SimpleVolumetricCloud_Inst.uasset" 853
"../../../Engine/Content/EngineSky/VolumetricClouds/m_SimpleVolumetricCloud_Inst.uexp" 854
"../../../Engine/Content/VREditor/LaserPointer/VR_LaserPower_01.ubulk" 855
"../../../Engine/Content/VREditor/LaserPointer/VR_LaserPower_01.uasset" 856
"../../../Engine/Content/VREditor/LaserPointer/VR_LaserPower_01.uexp" 857
"../../../Engine/Content/VREditor/TransformGizmo/TransformGizmoMaterial.uasset" 858
"../../../Engine/Content/VREditor/TransformGizmo/TransformGizmoMaterial.uexp" 859
"../../../Engine/Content/VREditor/TransformGizmo/TranslucentTransformGizmoMaterial.uasset" 860
"../../../Engine/Content/VREditor/TransformGizmo/TranslucentTransformGizmoMaterial.uexp" 861
"../../../Engine/Content/VREditor/TransformGizmo/BoundingBoxCorner.ubulk" 862
"../../../Engine/Content/VREditor/TransformGizmo/BoundingBoxCorner.uasset" 863
"../../../Engine/Content/VREditor/TransformGizmo/BoundingBoxCorner.uexp" 864
"../../../Engine/Content/VREditor/TransformGizmo/BoundingBoxEdge.ubulk" 865
"../../../Engine/Content/VREditor/TransformGizmo/BoundingBoxEdge.uasset" 866
"../../../Engine/Content/VREditor/TransformGizmo/BoundingBoxEdge.uexp" 867
"../../../Engine/Content/VREditor/TransformGizmo/Main.uasset" 868
"../../../Engine/Content/VREditor/TransformGizmo/Main.uexp" 869
"../../../Engine/Content/VREditor/TransformGizmo/Xray.uasset" 870
"../../../Engine/Content/VREditor/TransformGizmo/Xray.uexp" 871
"../../../Engine/Content/VREditor/TransformGizmo/SM_Sequencer_Node.ubulk" 872
"../../../Engine/Content/VREditor/TransformGizmo/SM_Sequencer_Node.uasset" 873
"../../../Engine/Content/VREditor/TransformGizmo/SM_Sequencer_Node.uexp" 874
"../../../Engine/Content/BasicShapes/Cone.ubulk" 875
"../../../Engine/Content/BasicShapes/Cone.uasset" 876
"../../../Engine/Content/BasicShapes/Cone.uexp" 877
"../../../Engine/Content/BasicShapes/Cylinder.ubulk" 878
"../../../Engine/Content/BasicShapes/Cylinder.uasset" 879
"../../../Engine/Content/BasicShapes/Cylinder.uexp" 880
"../../../Engine/Content/EditorLandscapeResources/SplineEditorMeshMat.uasset" 881
"../../../Engine/Content/EditorLandscapeResources/SplineEditorMeshMat.uexp" 882
"../../../Engine/Content/EditorLandscapeResources/SplineEditorMesh.ubulk" 883
"../../../Engine/Content/EditorLandscapeResources/SplineEditorMesh.uasset" 884
"../../../Engine/Content/EditorLandscapeResources/SplineEditorMesh.uexp" 885
"../../../Engine/Content/EngineResources/WhiteSquareTexture.uasset" 886
"../../../Engine/Content/EngineResources/WhiteSquareTexture.uexp" 887
"../../../Engine/Content/EngineMaterials/Widget3DPassThrough.uasset" 888
"../../../Engine/Content/EngineMaterials/Widget3DPassThrough.uexp" 889
"../../../Engine/Content/EngineMaterials/Widget3DPassThrough_Masked.uasset" 890
"../../../Engine/Content/EngineMaterials/Widget3DPassThrough_Masked.uexp" 891
"../../../Engine/Content/EngineMaterials/Widget3DPassThrough_Opaque.uasset" 892
"../../../Engine/Content/EngineMaterials/Widget3DPassThrough_Opaque.uexp" 893
"../../../Engine/Content/EngineMaterials/Widget3DPassThrough_Masked_OneSided.uasset" 894
"../../../Engine/Content/EngineMaterials/Widget3DPassThrough_Masked_OneSided.uexp" 895
"../../../Engine/Content/EngineMaterials/Widget3DPassThrough_Opaque_OneSided.uasset" 896
"../../../Engine/Content/EngineMaterials/Widget3DPassThrough_Opaque_OneSided.uexp" 897
"../../../Engine/Content/EngineMaterials/Widget3DPassThrough_Translucent.uasset" 898
"../../../Engine/Content/EngineMaterials/Widget3DPassThrough_Translucent.uexp" 899
"../../../Engine/Content/EngineMaterials/Widget3DPassThrough_Translucent_OneSided.uasset" 900
"../../../Engine/Content/EngineMaterials/Widget3DPassThrough_Translucent_OneSided.uexp" 901
"../../../Engine/Plugins/Animation/ControlRig/Content/Controls/ControlRig_Arrow2_1mm.ubulk" 902
"../../../Engine/Plugins/Animation/ControlRig/Content/Controls/ControlRig_Arrow2_1mm.uasset" 903
"../../../Engine/Plugins/Animation/ControlRig/Content/Controls/ControlRig_Arrow2_1mm.uexp" 904
"../../../Engine/Plugins/Animation/ControlRig/Content/Controls/ControlRig_Arrow2_3mm.ubulk" 905
"../../../Engine/Plugins/Animation/ControlRig/Content/Controls/ControlRig_Arrow2_3mm.uasset" 906
"../../../Engine/Plugins/Animation/ControlRig/Content/Controls/ControlRig_Arrow2_3mm.uexp" 907
"../../../Engine/Plugins/Animation/ControlRig/Content/Controls/ControlRig_Arrow2_solid.ubulk" 908
"../../../Engine/Plugins/Animation/ControlRig/Content/Controls/ControlRig_Arrow2_solid.uasset" 909
"../../../Engine/Plugins/Animation/ControlRig/Content/Controls/ControlRig_Arrow2_solid.uexp" 910
"../../../Engine/Plugins/Animation/ControlRig/Content/Controls/ControlRig_Arrow4_1mm.ubulk" 911
"../../../Engine/Plugins/Animation/ControlRig/Content/Controls/ControlRig_Arrow4_1mm.uasset" 912
"../../../Engine/Plugins/Animation/ControlRig/Content/Controls/ControlRig_Arrow4_1mm.uexp" 913
"../../../Engine/Plugins/Animation/ControlRig/Content/Controls/ControlRig_Arrow4_3mm.ubulk" 914
"../../../Engine/Plugins/Animation/ControlRig/Content/Controls/ControlRig_Arrow4_3mm.uasset" 915
"../../../Engine/Plugins/Animation/ControlRig/Content/Controls/ControlRig_Arrow4_3mm.uexp" 916
"../../../Engine/Plugins/Animation/ControlRig/Content/Controls/ControlRig_Arrow4_solid.ubulk" 917
"../../../Engine/Plugins/Animation/ControlRig/Content/Controls/ControlRig_Arrow4_solid.uasset" 918
"../../../Engine/Plugins/Animation/ControlRig/Content/Controls/ControlRig_Arrow4_solid.uexp" 919
"../../../Engine/Plugins/Animation/ControlRig/Content/Controls/ControlRig_Arrow_1mm.ubulk" 920
"../../../Engine/Plugins/Animation/ControlRig/Content/Controls/ControlRig_Arrow_1mm.uasset" 921
"../../../Engine/Plugins/Animation/ControlRig/Content/Controls/ControlRig_Arrow_1mm.uexp" 922
"../../../Engine/Plugins/Animation/ControlRig/Content/Controls/ControlRig_Arrow_3mm.ubulk" 923
"../../../Engine/Plugins/Animation/ControlRig/Content/Controls/ControlRig_Arrow_3mm.uasset" 924
"../../../Engine/Plugins/Animation/ControlRig/Content/Controls/ControlRig_Arrow_3mm.uexp" 925
"../../../Engine/Plugins/Animation/ControlRig/Content/Controls/ControlRig_Arrow_solid.ubulk" 926
"../../../Engine/Plugins/Animation/ControlRig/Content/Controls/ControlRig_Arrow_solid.uasset" 927
"../../../Engine/Plugins/Animation/ControlRig/Content/Controls/ControlRig_Arrow_solid.uexp" 928
"../../../Engine/Plugins/Animation/ControlRig/Content/Controls/ControlRig_Box_1mm.ubulk" 929
"../../../Engine/Plugins/Animation/ControlRig/Content/Controls/ControlRig_Box_1mm.uasset" 930
"../../../Engine/Plugins/Animation/ControlRig/Content/Controls/ControlRig_Box_1mm.uexp" 931
"../../../Engine/Plugins/Animation/ControlRig/Content/Controls/ControlRig_Box_3mm.ubulk" 932
"../../../Engine/Plugins/Animation/ControlRig/Content/Controls/ControlRig_Box_3mm.uasset" 933
"../../../Engine/Plugins/Animation/ControlRig/Content/Controls/ControlRig_Box_3mm.uexp" 934
"../../../Engine/Plugins/Animation/ControlRig/Content/Controls/ControlRig_Box_solid.ubulk" 935
"../../../Engine/Plugins/Animation/ControlRig/Content/Controls/ControlRig_Box_solid.uasset" 936
"../../../Engine/Plugins/Animation/ControlRig/Content/Controls/ControlRig_Box_solid.uexp" 937
"../../../Engine/Plugins/Animation/ControlRig/Content/Controls/ControlRig_Circle_1mm.ubulk" 938
"../../../Engine/Plugins/Animation/ControlRig/Content/Controls/ControlRig_Circle_1mm.uasset" 939
"../../../Engine/Plugins/Animation/ControlRig/Content/Controls/ControlRig_Circle_1mm.uexp" 940
"../../../Engine/Plugins/Animation/ControlRig/Content/Controls/ControlRig_Circle_3mm.ubulk" 941
"../../../Engine/Plugins/Animation/ControlRig/Content/Controls/ControlRig_Circle_3mm.uasset" 942
"../../../Engine/Plugins/Animation/ControlRig/Content/Controls/ControlRig_Circle_3mm.uexp" 943
"../../../Engine/Plugins/Animation/ControlRig/Content/Controls/ControlRig_Circle_solid.ubulk" 944
"../../../Engine/Plugins/Animation/ControlRig/Content/Controls/ControlRig_Circle_solid.uasset" 945
"../../../Engine/Plugins/Animation/ControlRig/Content/Controls/ControlRig_Circle_solid.uexp" 946
"../../../Engine/Plugins/Animation/ControlRig/Content/Controls/ControlRig_Diamond_1mm.ubulk" 947
"../../../Engine/Plugins/Animation/ControlRig/Content/Controls/ControlRig_Diamond_1mm.uasset" 948
"../../../Engine/Plugins/Animation/ControlRig/Content/Controls/ControlRig_Diamond_1mm.uexp" 949
"../../../Engine/Plugins/Animation/ControlRig/Content/Controls/ControlRig_Diamond_3mm.ubulk" 950
"../../../Engine/Plugins/Animation/ControlRig/Content/Controls/ControlRig_Diamond_3mm.uasset" 951
"../../../Engine/Plugins/Animation/ControlRig/Content/Controls/ControlRig_Diamond_3mm.uexp" 952
"../../../Engine/Plugins/Animation/ControlRig/Content/Controls/ControlRig_Diamond_solid.ubulk" 953
"../../../Engine/Plugins/Animation/ControlRig/Content/Controls/ControlRig_Diamond_solid.uasset" 954
"../../../Engine/Plugins/Animation/ControlRig/Content/Controls/ControlRig_Diamond_solid.uexp" 955
"../../../Engine/Plugins/Animation/ControlRig/Content/Controls/ControlRig_HalfCircle_1mm.ubulk" 956
"../../../Engine/Plugins/Animation/ControlRig/Content/Controls/ControlRig_HalfCircle_1mm.uasset" 957
"../../../Engine/Plugins/Animation/ControlRig/Content/Controls/ControlRig_HalfCircle_1mm.uexp" 958
"../../../Engine/Plugins/Animation/ControlRig/Content/Controls/ControlRig_HalfCircle_3mm.ubulk" 959
"../../../Engine/Plugins/Animation/ControlRig/Content/Controls/ControlRig_HalfCircle_3mm.uasset" 960
"../../../Engine/Plugins/Animation/ControlRig/Content/Controls/ControlRig_HalfCircle_3mm.uexp" 961
"../../../Engine/Plugins/Animation/ControlRig/Content/Controls/ControlRig_HalfCircle_solid.ubulk" 962
"../../../Engine/Plugins/Animation/ControlRig/Content/Controls/ControlRig_HalfCircle_solid.uasset" 963
"../../../Engine/Plugins/Animation/ControlRig/Content/Controls/ControlRig_HalfCircle_solid.uexp" 964
"../../../Engine/Plugins/Animation/ControlRig/Content/Controls/ControlRig_Hexagon_1mm.ubulk" 965
"../../../Engine/Plugins/Animation/ControlRig/Content/Controls/ControlRig_Hexagon_1mm.uasset" 966
"../../../Engine/Plugins/Animation/ControlRig/Content/Controls/ControlRig_Hexagon_1mm.uexp" 967
"../../../Engine/Plugins/Animation/ControlRig/Content/Controls/ControlRig_Hexagon_3mm.ubulk" 968
"../../../Engine/Plugins/Animation/ControlRig/Content/Controls/ControlRig_Hexagon_3mm.uasset" 969
"../../../Engine/Plugins/Animation/ControlRig/Content/Controls/ControlRig_Hexagon_3mm.uexp" 970
"../../../Engine/Plugins/Animation/ControlRig/Content/Controls/ControlRig_Hexagon_solid.ubulk" 971
"../../../Engine/Plugins/Animation/ControlRig/Content/Controls/ControlRig_Hexagon_solid.uasset" 972
"../../../Engine/Plugins/Animation/ControlRig/Content/Controls/ControlRig_Hexagon_solid.uexp" 973
"../../../Engine/Plugins/Animation/ControlRig/Content/Controls/ControlRig_Octagon_1mm.ubulk" 974
"../../../Engine/Plugins/Animation/ControlRig/Content/Controls/ControlRig_Octagon_1mm.uasset" 975
"../../../Engine/Plugins/Animation/ControlRig/Content/Controls/ControlRig_Octagon_1mm.uexp" 976
"../../../Engine/Plugins/Animation/ControlRig/Content/Controls/ControlRig_Octagon_3mm.ubulk" 977
"../../../Engine/Plugins/Animation/ControlRig/Content/Controls/ControlRig_Octagon_3mm.uasset" 978
"../../../Engine/Plugins/Animation/ControlRig/Content/Controls/ControlRig_Octagon_3mm.uexp" 979
"../../../Engine/Plugins/Animation/ControlRig/Content/Controls/ControlRig_Octagon_solid.ubulk" 980
"../../../Engine/Plugins/Animation/ControlRig/Content/Controls/ControlRig_Octagon_solid.uasset" 981
"../../../Engine/Plugins/Animation/ControlRig/Content/Controls/ControlRig_Octagon_solid.uexp" 982
"../../../Engine/Plugins/Animation/ControlRig/Content/Controls/ControlRig_Pyramid_1mm.ubulk" 983
"../../../Engine/Plugins/Animation/ControlRig/Content/Controls/ControlRig_Pyramid_1mm.uasset" 984
"../../../Engine/Plugins/Animation/ControlRig/Content/Controls/ControlRig_Pyramid_1mm.uexp" 985
"../../../Engine/Plugins/Animation/ControlRig/Content/Controls/ControlRig_Pyramid_3mm.ubulk" 986
"../../../Engine/Plugins/Animation/ControlRig/Content/Controls/ControlRig_Pyramid_3mm.uasset" 987
"../../../Engine/Plugins/Animation/ControlRig/Content/Controls/ControlRig_Pyramid_3mm.uexp" 988
"../../../Engine/Plugins/Animation/ControlRig/Content/Controls/ControlRig_Pyramid_solid.ubulk" 989
"../../../Engine/Plugins/Animation/ControlRig/Content/Controls/ControlRig_Pyramid_solid.uasset" 990
"../../../Engine/Plugins/Animation/ControlRig/Content/Controls/ControlRig_Pyramid_solid.uexp" 991
"../../../Engine/Plugins/Animation/ControlRig/Content/Controls/ControlRig_QuarterCircle_1mm.ubulk" 992
"../../../Engine/Plugins/Animation/ControlRig/Content/Controls/ControlRig_QuarterCircle_1mm.uasset" 993
"../../../Engine/Plugins/Animation/ControlRig/Content/Controls/ControlRig_QuarterCircle_1mm.uexp" 994
"../../../Engine/Plugins/Animation/ControlRig/Content/Controls/ControlRig_QuarterCircle_3mm.ubulk" 995
"../../../Engine/Plugins/Animation/ControlRig/Content/Controls/ControlRig_QuarterCircle_3mm.uasset" 996
"../../../Engine/Plugins/Animation/ControlRig/Content/Controls/ControlRig_QuarterCircle_3mm.uexp" 997
"../../../Engine/Plugins/Animation/ControlRig/Content/Controls/ControlRig_QuarterCircle_solid.ubulk" 998
"../../../Engine/Plugins/Animation/ControlRig/Content/Controls/ControlRig_QuarterCircle_solid.uasset" 999
"../../../Engine/Plugins/Animation/ControlRig/Content/Controls/ControlRig_QuarterCircle_solid.uexp" 1000
"../../../Engine/Plugins/Animation/ControlRig/Content/Controls/ControlRig_RoundedSquare_1mm.ubulk" 1001
"../../../Engine/Plugins/Animation/ControlRig/Content/Controls/ControlRig_RoundedSquare_1mm.uasset" 1002
"../../../Engine/Plugins/Animation/ControlRig/Content/Controls/ControlRig_RoundedSquare_1mm.uexp" 1003
"../../../Engine/Plugins/Animation/ControlRig/Content/Controls/ControlRig_RoundedSquare_3mm.ubulk" 1004
"../../../Engine/Plugins/Animation/ControlRig/Content/Controls/ControlRig_RoundedSquare_3mm.uasset" 1005
"../../../Engine/Plugins/Animation/ControlRig/Content/Controls/ControlRig_RoundedSquare_3mm.uexp" 1006
"../../../Engine/Plugins/Animation/ControlRig/Content/Controls/ControlRig_RoundedSquare_solid.ubulk" 1007
"../../../Engine/Plugins/Animation/ControlRig/Content/Controls/ControlRig_RoundedSquare_solid.uasset" 1008
"../../../Engine/Plugins/Animation/ControlRig/Content/Controls/ControlRig_RoundedSquare_solid.uexp" 1009
"../../../Engine/Plugins/Animation/ControlRig/Content/Controls/ControlRig_RoundedTriangle_1mm.ubulk" 1010
"../../../Engine/Plugins/Animation/ControlRig/Content/Controls/ControlRig_RoundedTriangle_1mm.uasset" 1011
"../../../Engine/Plugins/Animation/ControlRig/Content/Controls/ControlRig_RoundedTriangle_1mm.uexp" 1012
"../../../Engine/Plugins/Animation/ControlRig/Content/Controls/ControlRig_RoundedTriangle_3mm.ubulk" 1013
"../../../Engine/Plugins/Animation/ControlRig/Content/Controls/ControlRig_RoundedTriangle_3mm.uasset" 1014
"../../../Engine/Plugins/Animation/ControlRig/Content/Controls/ControlRig_RoundedTriangle_3mm.uexp" 1015
"../../../Engine/Plugins/Animation/ControlRig/Content/Controls/ControlRig_RoundedTriangle_solid.ubulk" 1016
"../../../Engine/Plugins/Animation/ControlRig/Content/Controls/ControlRig_RoundedTriangle_solid.uasset" 1017
"../../../Engine/Plugins/Animation/ControlRig/Content/Controls/ControlRig_RoundedTriangle_solid.uexp" 1018
"../../../Engine/Plugins/Animation/ControlRig/Content/Controls/ControlRig_Sphere_1mm.ubulk" 1019
"../../../Engine/Plugins/Animation/ControlRig/Content/Controls/ControlRig_Sphere_1mm.uasset" 1020
"../../../Engine/Plugins/Animation/ControlRig/Content/Controls/ControlRig_Sphere_1mm.uexp" 1021
"../../../Engine/Plugins/Animation/ControlRig/Content/Controls/ControlRig_Sphere_3mm.ubulk" 1022
"../../../Engine/Plugins/Animation/ControlRig/Content/Controls/ControlRig_Sphere_3mm.uasset" 1023
"../../../Engine/Plugins/Animation/ControlRig/Content/Controls/ControlRig_Sphere_3mm.uexp" 1024
"../../../Engine/Plugins/Animation/ControlRig/Content/Controls/ControlRig_Sphere_solid.ubulk" 1025
"../../../Engine/Plugins/Animation/ControlRig/Content/Controls/ControlRig_Sphere_solid.uasset" 1026
"../../../Engine/Plugins/Animation/ControlRig/Content/Controls/ControlRig_Sphere_solid.uexp" 1027
"../../../Engine/Plugins/Animation/ControlRig/Content/Controls/ControlRig_Square_1mm.ubulk" 1028
"../../../Engine/Plugins/Animation/ControlRig/Content/Controls/ControlRig_Square_1mm.uasset" 1029
"../../../Engine/Plugins/Animation/ControlRig/Content/Controls/ControlRig_Square_1mm.uexp" 1030
"../../../Engine/Plugins/Animation/ControlRig/Content/Controls/ControlRig_Square_3mm.ubulk" 1031
"../../../Engine/Plugins/Animation/ControlRig/Content/Controls/ControlRig_Square_3mm.uasset" 1032
"../../../Engine/Plugins/Animation/ControlRig/Content/Controls/ControlRig_Square_3mm.uexp" 1033
"../../../Engine/Plugins/Animation/ControlRig/Content/Controls/ControlRig_Square_solid.ubulk" 1034
"../../../Engine/Plugins/Animation/ControlRig/Content/Controls/ControlRig_Square_solid.uasset" 1035
"../../../Engine/Plugins/Animation/ControlRig/Content/Controls/ControlRig_Square_solid.uexp" 1036
"../../../Engine/Plugins/Animation/ControlRig/Content/Controls/ControlRig_Star4_1mm.ubulk" 1037
"../../../Engine/Plugins/Animation/ControlRig/Content/Controls/ControlRig_Star4_1mm.uasset" 1038
"../../../Engine/Plugins/Animation/ControlRig/Content/Controls/ControlRig_Star4_1mm.uexp" 1039
"../../../Engine/Plugins/Animation/ControlRig/Content/Controls/ControlRig_Star4_3mm.ubulk" 1040
"../../../Engine/Plugins/Animation/ControlRig/Content/Controls/ControlRig_Star4_3mm.uasset" 1041
"../../../Engine/Plugins/Animation/ControlRig/Content/Controls/ControlRig_Star4_3mm.uexp" 1042
"../../../Engine/Plugins/Animation/ControlRig/Content/Controls/ControlRig_Star4_solid.ubulk" 1043
"../../../Engine/Plugins/Animation/ControlRig/Content/Controls/ControlRig_Star4_solid.uasset" 1044
"../../../Engine/Plugins/Animation/ControlRig/Content/Controls/ControlRig_Star4_solid.uexp" 1045
"../../../Engine/Plugins/Animation/ControlRig/Content/Controls/ControlRig_Triangle_1mm.ubulk" 1046
"../../../Engine/Plugins/Animation/ControlRig/Content/Controls/ControlRig_Triangle_1mm.uasset" 1047
"../../../Engine/Plugins/Animation/ControlRig/Content/Controls/ControlRig_Triangle_1mm.uexp" 1048
"../../../Engine/Plugins/Animation/ControlRig/Content/Controls/ControlRig_Triangle_3mm.ubulk" 1049
"../../../Engine/Plugins/Animation/ControlRig/Content/Controls/ControlRig_Triangle_3mm.uasset" 1050
"../../../Engine/Plugins/Animation/ControlRig/Content/Controls/ControlRig_Triangle_3mm.uexp" 1051
"../../../Engine/Plugins/Animation/ControlRig/Content/Controls/ControlRig_Triangle_solid.ubulk" 1052
"../../../Engine/Plugins/Animation/ControlRig/Content/Controls/ControlRig_Triangle_solid.uasset" 1053
"../../../Engine/Plugins/Animation/ControlRig/Content/Controls/ControlRig_Triangle_solid.uexp" 1054
"../../../Engine/Plugins/Animation/ControlRig/Content/Controls/ControlRig_Wedge_1mm.ubulk" 1055
"../../../Engine/Plugins/Animation/ControlRig/Content/Controls/ControlRig_Wedge_1mm.uasset" 1056
"../../../Engine/Plugins/Animation/ControlRig/Content/Controls/ControlRig_Wedge_1mm.uexp" 1057
"../../../Engine/Plugins/Animation/ControlRig/Content/Controls/ControlRig_Wedge_3mm.ubulk" 1058
"../../../Engine/Plugins/Animation/ControlRig/Content/Controls/ControlRig_Wedge_3mm.uasset" 1059
"../../../Engine/Plugins/Animation/ControlRig/Content/Controls/ControlRig_Wedge_3mm.uexp" 1060
"../../../Engine/Plugins/Animation/ControlRig/Content/Controls/ControlRig_Wedge_solid.ubulk" 1061
"../../../Engine/Plugins/Animation/ControlRig/Content/Controls/ControlRig_Wedge_solid.uasset" 1062
"../../../Engine/Plugins/Animation/ControlRig/Content/Controls/ControlRig_Wedge_solid.uexp" 1063
"../../../Engine/Content/Functions/Engine_MaterialFunctions02/Texturing/CustomRotator.uasset" 1064
"../../../Engine/Content/Functions/Engine_MaterialFunctions02/Texturing/CustomRotator.uexp" 1065
"../../../Engine/Content/Functions/Engine_MaterialFunctions01/Gradient/GeneratedRoundRect.uasset" 1066
"../../../Engine/Content/Functions/Engine_MaterialFunctions01/Gradient/GeneratedRoundRect.uexp" 1067
"../../../Engine/Content/Functions/Engine_MaterialFunctions01/Gradient/SphereGradient-2D.uasset" 1068
"../../../Engine/Content/Functions/Engine_MaterialFunctions01/Gradient/SphereGradient-2D.uexp" 1069
"../../../Engine/Plugins/Runtime/AudioWidgets/Content/AudioMaterialSlate/Functions/MF_DotOutlined.uasset" 1070
"../../../Engine/Plugins/Runtime/AudioWidgets/Content/AudioMaterialSlate/Functions/MF_DotOutlined.uexp" 1071
"../../../Engine/Plugins/Runtime/AudioWidgets/Content/AudioMaterialSlate/M_AudioMaterialEnvelope_ADSR.uasset" 1072
"../../../Engine/Plugins/Runtime/AudioWidgets/Content/AudioMaterialSlate/M_AudioMaterialEnvelope_ADSR.uexp" 1073
"../../../Engine/Plugins/Runtime/AudioWidgets/Content/AudioMaterialSlate/MI_AudioMaterialEnvelope_ADSR.uasset" 1074
"../../../Engine/Plugins/Runtime/AudioWidgets/Content/AudioMaterialSlate/MI_AudioMaterialEnvelope_ADSR.uexp" 1075
"../../../Engine/Plugins/Runtime/AudioWidgets/Content/AudioMaterialSlate/Functions/MF_SingleLine_Smooth.uasset" 1076
"../../../Engine/Plugins/Runtime/AudioWidgets/Content/AudioMaterialSlate/Functions/MF_SingleLine_Smooth.uexp" 1077
"../../../Engine/Plugins/Runtime/AudioWidgets/Content/AudioMaterialSlate/Functions/MF_AngleGradient.uasset" 1078
"../../../Engine/Plugins/Runtime/AudioWidgets/Content/AudioMaterialSlate/Functions/MF_AngleGradient.uexp" 1079
"../../../Engine/Content/Functions/Engine_MaterialFunctions02/Lerp_3Color.uasset" 1080
"../../../Engine/Content/Functions/Engine_MaterialFunctions02/Lerp_3Color.uexp" 1081
"../../../Engine/Plugins/Runtime/AudioWidgets/Content/AudioMaterialSlate/M_AudioMaterialKnob.uasset" 1082
"../../../Engine/Plugins/Runtime/AudioWidgets/Content/AudioMaterialSlate/M_AudioMaterialKnob.uexp" 1083
"../../../Engine/Plugins/Runtime/AudioWidgets/Content/AudioMaterialSlate/MI_AudioMaterialKnob.uasset" 1084
"../../../Engine/Plugins/Runtime/AudioWidgets/Content/AudioMaterialSlate/MI_AudioMaterialKnob.uexp" 1085
"../../../Engine/Plugins/Runtime/AudioWidgets/Content/AudioMaterialSlate/Functions/MF_Lines.uasset" 1086
"../../../Engine/Plugins/Runtime/AudioWidgets/Content/AudioMaterialSlate/Functions/MF_Lines.uexp" 1087
"../../../Engine/Plugins/Runtime/AudioWidgets/Content/AudioMaterialSlate/M_AudioMaterialMeter.uasset" 1088
"../../../Engine/Plugins/Runtime/AudioWidgets/Content/AudioMaterialSlate/M_AudioMaterialMeter.uexp" 1089
"../../../Engine/Plugins/Runtime/AudioWidgets/Content/AudioMaterialSlate/MI_AudioMaterialMeter.uasset" 1090
"../../../Engine/Plugins/Runtime/AudioWidgets/Content/AudioMaterialSlate/MI_AudioMaterialMeter.uexp" 1091
"../../../Engine/Plugins/Runtime/AudioWidgets/Content/AudioMaterialSlate/M_AudioMaterialRoundedSlider.uasset" 1092
"../../../Engine/Plugins/Runtime/AudioWidgets/Content/AudioMaterialSlate/M_AudioMaterialRoundedSlider.uexp" 1093
"../../../Engine/Plugins/Runtime/AudioWidgets/Content/AudioMaterialSlate/MI_AudioMaterialRoundedSlider.uasset" 1094
"../../../Engine/Plugins/Runtime/AudioWidgets/Content/AudioMaterialSlate/MI_AudioMaterialRoundedSlider.uexp" 1095
"../../../Engine/Plugins/Runtime/AudioWidgets/Content/AudioMaterialSlate/Functions/MF_SingleLine.uasset" 1096
"../../../Engine/Plugins/Runtime/AudioWidgets/Content/AudioMaterialSlate/Functions/MF_SingleLine.uexp" 1097
"../../../Engine/Plugins/Runtime/AudioWidgets/Content/AudioMaterialSlate/M_AudioMaterialToggleButton.uasset" 1098
"../../../Engine/Plugins/Runtime/AudioWidgets/Content/AudioMaterialSlate/M_AudioMaterialToggleButton.uexp" 1099
"../../../Engine/Plugins/Runtime/AudioWidgets/Content/AudioMaterialSlate/MI_AudioMaterialToggleButton.uasset" 1100
"../../../Engine/Plugins/Runtime/AudioWidgets/Content/AudioMaterialSlate/MI_AudioMaterialToggleButton.uexp" 1101
"../../../Engine/Plugins/2D/Paper2D/Content/DefaultSpriteMaterial.uasset" 1102
"../../../Engine/Plugins/2D/Paper2D/Content/DefaultSpriteMaterial.uexp" 1103
"../../../Engine/Plugins/2D/Paper2D/Content/MaskedUnlitSpriteMaterial.uasset" 1104
"../../../Engine/Plugins/2D/Paper2D/Content/MaskedUnlitSpriteMaterial.uexp" 1105
"../../../Engine/Plugins/2D/Paper2D/Content/OpaqueUnlitSpriteMaterial.uasset" 1106
"../../../Engine/Plugins/2D/Paper2D/Content/OpaqueUnlitSpriteMaterial.uexp" 1107
"../../../Engine/Plugins/Media/MediaPlate/Content/SM_MediaPlateScreen.ubulk" 1108
"../../../Engine/Plugins/Media/MediaPlate/Content/SM_MediaPlateScreen.uasset" 1109
"../../../Engine/Plugins/Media/MediaPlate/Content/SM_MediaPlateScreen.uexp" 1110
"C:/Users/hinen/Desktop/Unreal Projects/Projet_YH/Content/ThirdPerson/Assets/AI/Z2/Zombie_PhysicsAsset.uasset" 1111
"C:/Users/hinen/Desktop/Unreal Projects/Projet_YH/Content/ThirdPerson/Assets/AI/Z2/Zombie_PhysicsAsset.uexp" 1112
"C:/Users/hinen/Desktop/Unreal Projects/Projet_YH/Content/ThirdPerson/Assets/AI/Z2/Zombie1.uasset" 1113
"C:/Users/hinen/Desktop/Unreal Projects/Projet_YH/Content/ThirdPerson/Assets/AI/Z2/Zombie1.uexp" 1114
"../../../Engine/Content/EngineResources/LandscapeVisibilityLayerInfo.uasset" 1115
"../../../Engine/Content/EngineResources/LandscapeVisibilityLayerInfo.uexp" 1116
"../../../Engine/Content/VREditor/TransformGizmo/StartRotationHandleIndicator.ubulk" 1117
"../../../Engine/Content/VREditor/TransformGizmo/StartRotationHandleIndicator.uasset" 1118
"../../../Engine/Content/VREditor/TransformGizmo/StartRotationHandleIndicator.uexp" 1119
"../../../Engine/Content/VREditor/Sounds/UI/Drop_Item_From_ContentBrowser.ubulk" 1120
"../../../Engine/Content/VREditor/Sounds/UI/Drop_Item_From_ContentBrowser.uasset" 1121
"../../../Engine/Content/VREditor/Sounds/UI/Drop_Item_From_ContentBrowser.uexp" 1122
"../../../Engine/Content/VREditor/TransformGizmo/PlaneTranslationHandle.ubulk" 1123
"../../../Engine/Content/VREditor/TransformGizmo/PlaneTranslationHandle.uasset" 1124
"../../../Engine/Content/VREditor/TransformGizmo/PlaneTranslationHandle.uexp" 1125
"../../../Engine/Content/VREditor/Sounds/UI/Object_Snaps_To_Grid.ubulk" 1126
"../../../Engine/Content/VREditor/Sounds/UI/Object_Snaps_To_Grid.uasset" 1127
"../../../Engine/Content/VREditor/Sounds/UI/Object_Snaps_To_Grid.uexp" 1128
"../../../Engine/Content/VREditor/Sounds/UI/Selection_Changes.ubulk" 1129
"../../../Engine/Content/VREditor/Sounds/UI/Selection_Changes.uasset" 1130
"../../../Engine/Content/VREditor/Sounds/UI/Selection_Changes.uexp" 1131
"../../../Engine/Content/VREditor/Sounds/UI/Object_Snaps_To_Another_Actor.ubulk" 1132
"../../../Engine/Content/VREditor/Sounds/UI/Object_Snaps_To_Another_Actor.uasset" 1133
"../../../Engine/Content/VREditor/Sounds/UI/Object_Snaps_To_Another_Actor.uexp" 1134
"../../../Engine/Content/VREditor/TransformGizmo/TranslucentTransformGizmoMaterial_Inst.uasset" 1135
"../../../Engine/Content/VREditor/TransformGizmo/TranslucentTransformGizmoMaterial_Inst.uexp" 1136
"../../../Engine/Content/VREditor/TransformGizmo/TransformGizmoFreeRotation.ubulk" 1137
"../../../Engine/Content/VREditor/TransformGizmo/TransformGizmoFreeRotation.uasset" 1138
"../../../Engine/Content/VREditor/TransformGizmo/TransformGizmoFreeRotation.uexp" 1139
"../../../Engine/Content/VREditor/Sounds/UI/Scaling_Down.ubulk" 1140
"../../../Engine/Content/VREditor/Sounds/UI/Scaling_Down.uasset" 1141
"../../../Engine/Content/VREditor/Sounds/UI/Scaling_Down.uexp" 1142
"../../../Engine/Content/Functions/Engine_MaterialFunctions02/SplitComponents.uasset" 1143
"../../../Engine/Content/Functions/Engine_MaterialFunctions02/SplitComponents.uexp" 1144
"../../../Engine/Content/VREditor/SnapGrid/SnapGridMaterial.uasset" 1145
"../../../Engine/Content/VREditor/SnapGrid/SnapGridMaterial.uexp" 1146
"../../../Engine/Content/VREditor/SnapGrid/SnapGridPlaneMesh.ubulk" 1147
"../../../Engine/Content/VREditor/SnapGrid/SnapGridPlaneMesh.uasset" 1148
"../../../Engine/Content/VREditor/SnapGrid/SnapGridPlaneMesh.uexp" 1149
"../../../Engine/Content/VREditor/Sounds/UI/Scaling_Up.ubulk" 1150
"../../../Engine/Content/VREditor/Sounds/UI/Scaling_Up.uasset" 1151
"../../../Engine/Content/VREditor/Sounds/UI/Scaling_Up.uexp" 1152
"../../../Engine/Content/VREditor/TransformGizmo/TransformGizmoMaterial_Inst.uasset" 1153
"../../../Engine/Content/VREditor/TransformGizmo/TransformGizmoMaterial_Inst.uexp" 1154
"../../../Engine/Content/VREditor/Sounds/UI/Gizmo_Handle_Clicked.ubulk" 1155
"../../../Engine/Content/VREditor/Sounds/UI/Gizmo_Handle_Clicked.uasset" 1156
"../../../Engine/Content/VREditor/Sounds/UI/Gizmo_Handle_Clicked.uexp" 1157
"../../../Engine/Content/VREditor/TransformGizmo/RotationHandleQuarter.ubulk" 1158
"../../../Engine/Content/VREditor/TransformGizmo/RotationHandleQuarter.uasset" 1159
"../../../Engine/Content/VREditor/TransformGizmo/RotationHandleQuarter.uexp" 1160
"../../../Engine/Content/VREditor/TransformGizmo/TranslateArrowHandle.ubulk" 1161
"../../../Engine/Content/VREditor/TransformGizmo/TranslateArrowHandle.uasset" 1162
"../../../Engine/Content/VREditor/TransformGizmo/TranslateArrowHandle.uexp" 1163
"../../../Engine/Content/VREditor/TransformGizmo/RotationHandleIndicator.ubulk" 1164
"../../../Engine/Content/VREditor/TransformGizmo/RotationHandleIndicator.uasset" 1165
"../../../Engine/Content/VREditor/TransformGizmo/RotationHandleIndicator.uexp" 1166
"../../../Engine/Content/VREditor/TransformGizmo/UniformScaleHandle.ubulk" 1167
"../../../Engine/Content/VREditor/TransformGizmo/UniformScaleHandle.uasset" 1168
"../../../Engine/Content/VREditor/TransformGizmo/UniformScaleHandle.uexp" 1169
"../../../Engine/Content/VREditor/TransformGizmo/RotationHandleFull.ubulk" 1170
"../../../Engine/Content/VREditor/TransformGizmo/RotationHandleFull.uasset" 1171
"../../../Engine/Content/VREditor/TransformGizmo/RotationHandleFull.uexp" 1172
"../../../Engine/Content/VREditor/Sounds/UI/Object_PickUp.ubulk" 1173
"../../../Engine/Content/VREditor/Sounds/UI/Object_PickUp.uasset" 1174
"../../../Engine/Content/VREditor/Sounds/UI/Object_PickUp.uexp" 1175
"../../../Engine/Plugins/Animation/DeformerGraph/Content/DeformerFunctions/DG_Function_ComputeNormalsTangents.uasset" 1176
"../../../Engine/Plugins/Animation/DeformerGraph/Content/DeformerFunctions/DG_Function_ComputeNormalsTangents.uexp" 1177
"../../../Engine/Plugins/Animation/DeformerGraph/Content/DeformerFunctions/DG_Function_LinearBlendSkin_Morph_Cloth.uasset" 1178
"../../../Engine/Plugins/Animation/DeformerGraph/Content/DeformerFunctions/DG_Function_LinearBlendSkin_Morph_Cloth.uexp" 1179
"../../../Engine/Plugins/Animation/DeformerGraph/Content/DeformerFunctions/DG_Function_LinearBlendSkin_Morph_Cloth_PositionOnly.uasset" 1180
"../../../Engine/Plugins/Animation/DeformerGraph/Content/DeformerFunctions/DG_Function_LinearBlendSkin_Morph_Cloth_PositionOnly.uexp" 1181
"../../../Engine/Plugins/Animation/DeformerGraph/Content/Deformers/DG_LinearBlendSkin_Morph_Cloth.uasset" 1182
"../../../Engine/Plugins/Animation/DeformerGraph/Content/Deformers/DG_LinearBlendSkin_Morph_Cloth.uexp" 1183
"../../../Engine/Plugins/Animation/DeformerGraph/Content/Deformers/DG_LinearBlendSkin_Morph_Cloth_RecomputeNormals.uasset" 1184
"../../../Engine/Plugins/Animation/DeformerGraph/Content/Deformers/DG_LinearBlendSkin_Morph_Cloth_RecomputeNormals.uexp" 1185
"../../../Engine/Plugins/NNE/NNEDenoiser/Content/NNEDT_Oidn2-3_Balanced.uasset" 1186
"../../../Engine/Plugins/NNE/NNEDenoiser/Content/NNEDT_Oidn2-3_Balanced.uexp" 1187
"../../../Engine/Plugins/NNE/NNEDenoiser/Content/NNEDT_Oidn2-3_Balanced_Alpha.uasset" 1188
"../../../Engine/Plugins/NNE/NNEDenoiser/Content/NNEDT_Oidn2-3_Balanced_Alpha.uexp" 1189
"../../../Engine/Plugins/NNE/NNEDenoiser/Content/NNED_Oidn2-3_Balanced.uasset" 1190
"../../../Engine/Plugins/NNE/NNEDenoiser/Content/NNED_Oidn2-3_Balanced.uexp" 1191
"../../../Engine/Plugins/NNE/NNEDenoiser/Content/NNED_Oidn2-3_Balanced_Alpha.uasset" 1192
"../../../Engine/Plugins/NNE/NNEDenoiser/Content/NNED_Oidn2-3_Balanced_Alpha.uexp" 1193
"../../../Engine/Plugins/NNE/NNEDenoiser/Content/NNED_Oidn2-3_Fast.uasset" 1194
"../../../Engine/Plugins/NNE/NNEDenoiser/Content/NNED_Oidn2-3_Fast.uexp" 1195
"../../../Engine/Plugins/NNE/NNEDenoiser/Content/NNED_Oidn2-3_Fast_Alpha.uasset" 1196
"../../../Engine/Plugins/NNE/NNEDenoiser/Content/NNED_Oidn2-3_Fast_Alpha.uexp" 1197
"../../../Engine/Plugins/NNE/NNEDenoiser/Content/NNED_Oidn2-3_HighQuality.uasset" 1198
"../../../Engine/Plugins/NNE/NNEDenoiser/Content/NNED_Oidn2-3_HighQuality.uexp" 1199
"../../../Engine/Plugins/NNE/NNEDenoiser/Content/NNED_Oidn2-3_HighQuality_Alpha.uasset" 1200
"../../../Engine/Plugins/NNE/NNEDenoiser/Content/NNED_Oidn2-3_HighQuality_Alpha.uexp" 1201
"../../../Engine/Plugins/NNE/NNEDenoiser/Content/NNE_oidn2-3-0_rt_hdr_alb_nrm_small__dyn__fp16_opset11_DenoiseAlpha.uasset" 1202
"../../../Engine/Plugins/NNE/NNEDenoiser/Content/NNE_oidn2-3-0_rt_hdr_alb_nrm_small__dyn__fp16_opset11_DenoiseAlpha.uexp" 1203
"../../../Engine/Plugins/NNE/NNEDenoiser/Content/NNE_oidn2-3-0_rt_hdr_alb_nrm_small__dyn__fp16_opset11_ForwardAlpha.uasset" 1204
"../../../Engine/Plugins/NNE/NNEDenoiser/Content/NNE_oidn2-3-0_rt_hdr_alb_nrm_small__dyn__fp16_opset11_ForwardAlpha.uexp" 1205
"../../../Engine/Plugins/NNE/NNEDenoiser/Content/NNE_oidn2-3-0_rt_hdr_alb_nrm__dyn__fp16_opset11_DenoiseAlpha.uasset" 1206
"../../../Engine/Plugins/NNE/NNEDenoiser/Content/NNE_oidn2-3-0_rt_hdr_alb_nrm__dyn__fp16_opset11_DenoiseAlpha.uexp" 1207
"../../../Engine/Plugins/NNE/NNEDenoiser/Content/NNE_oidn2-3-0_rt_hdr_alb_nrm__dyn__fp16_opset11_ForwardAlpha.uasset" 1208
"../../../Engine/Plugins/NNE/NNEDenoiser/Content/NNE_oidn2-3-0_rt_hdr_alb_nrm__dyn__fp16_opset11_ForwardAlpha.uexp" 1209
"../../../Engine/Plugins/NNE/NNEDenoiser/Content/NNE_oidn2-3-0_rt_hdr_calb_cnrm_large__dyn__fp16_opset11_DenoiseAlpha.uasset" 1210
"../../../Engine/Plugins/NNE/NNEDenoiser/Content/NNE_oidn2-3-0_rt_hdr_calb_cnrm_large__dyn__fp16_opset11_DenoiseAlpha.uexp" 1211
"../../../Engine/Plugins/NNE/NNEDenoiser/Content/NNE_oidn2-3-0_rt_hdr_calb_cnrm_large__dyn__fp16_opset11_ForwardAlpha.uasset" 1212
"../../../Engine/Plugins/NNE/NNEDenoiser/Content/NNE_oidn2-3-0_rt_hdr_calb_cnrm_large__dyn__fp16_opset11_ForwardAlpha.uexp" 1213
"../../../Engine/Content/BasicShapes/Plane.ubulk" 1214
"../../../Engine/Content/BasicShapes/Plane.uasset" 1215
"../../../Engine/Content/BasicShapes/Plane.uexp" 1216
"../../../Engine/Content/BasicShapes/Cube1.ubulk" 1217
"../../../Engine/Content/BasicShapes/Cube1.uasset" 1218
"../../../Engine/Content/BasicShapes/Cube1.uexp" 1219
"C:/Users/hinen/Desktop/Unreal Projects/Projet_YH/Content/ThirdPerson/Blueprints/BP_Obstacles.uasset" 1220
"C:/Users/hinen/Desktop/Unreal Projects/Projet_YH/Content/ThirdPerson/Blueprints/BP_Obstacles.uexp" 1221
"C:/Users/hinen/Desktop/Unreal Projects/Projet_YH/Content/ThirdPerson/Assets/AI/Z2/SM_Zombie2.ubulk" 1222
"C:/Users/hinen/Desktop/Unreal Projects/Projet_YH/Content/ThirdPerson/Assets/AI/Z2/SM_Zombie2.uasset" 1223
"C:/Users/hinen/Desktop/Unreal Projects/Projet_YH/Content/ThirdPerson/Assets/AI/Z2/SM_Zombie2.uexp" 1224
"../../../Engine/Content/BasicShapes/Cube.ubulk" 1225
"../../../Engine/Content/BasicShapes/Cube.uasset" 1226
"../../../Engine/Content/BasicShapes/Cube.uexp" 1227
"C:/Users/hinen/Desktop/Unreal Projects/Projet_YH/Content/ThirdPerson/Blueprints/AI/BP_FlowField.uasset" 1228
"C:/Users/hinen/Desktop/Unreal Projects/Projet_YH/Content/ThirdPerson/Blueprints/AI/BP_FlowField.uexp" 1229
"C:/Users/hinen/Desktop/Unreal Projects/Projet_YH/Content/ThirdPerson/Blueprints/M_explo.uasset" 1230
"C:/Users/hinen/Desktop/Unreal Projects/Projet_YH/Content/ThirdPerson/Blueprints/M_explo.uexp" 1231
"C:/Users/hinen/Desktop/Unreal Projects/Projet_YH/Content/ThirdPerson/Blueprints/BP_Explosive.uasset" 1232
"C:/Users/hinen/Desktop/Unreal Projects/Projet_YH/Content/ThirdPerson/Blueprints/BP_Explosive.uexp" 1233
"C:/Users/hinen/Desktop/Unreal Projects/Projet_YH/Content/ThirdPerson/Maps/Map_Hinenao.uexp" 1234
"C:/Users/hinen/Desktop/Unreal Projects/Projet_YH/Content/ThirdPerson/Maps/Map_Hinenao.umap" 1235
"../../../Engine/Content/Maps/Entry_BuiltData.uasset" 1236
"../../../Engine/Content/Maps/Entry_BuiltData.uexp" 1237
"../../../Engine/Content/Maps/Entry.uexp" 1238
"../../../Engine/Content/Maps/Entry.umap" 1239
